restaurant_id,ngo_id,food_quantity,food_type,pickup_time,status,notes,created_at
5,1,34,snacks,,pending,synthetic donation seed,2026-02-22T09:53:26.077677+00:00
5,1,33,meals,2025-12-06T05:53:26.077704+00:00,picked_up,synthetic donation seed,2025-12-05T22:53:26.077704+00:00
5,3,94,meals,,pending,synthetic donation seed,2025-11-22T10:53:26.077724+00:00
3,,16,meals,,pending,synthetic donation seed,2026-01-21T12:53:26.077736+00:00
1,3,63,snacks,2025-11-23T02:53:26.077747+00:00,accepted,synthetic donation seed,2025-11-22T14:53:26.077747+00:00
1,,118,bread,,pending,synthetic donation seed,2025-12-14T20:53:26.077762+00:00
5,2,15,rice,,pending,synthetic donation seed,2026-02-04T06:53:26.077772+00:00
1,,52,bread,,pending,synthetic donation seed,2026-01-18T10:53:26.077782+00:00
2,3,26,snacks,2026-02-24T07:53:26.077791+00:00,picked_up,synthetic donation seed,2026-02-23T20:53:26.077791+00:00
2,2,76,rice,2025-11-07T07:53:26.077804+00:00,matched,synthetic donation seed,2025-11-06T19:53:26.077804+00:00
3,,39,mixed,,pending,synthetic donation seed,2026-01-24T03:53:26.077816+00:00
2,5,118,meals,2025-12-12T07:53:26.077825+00:00,matched,synthetic donation seed,2025-12-12T00:53:26.077825+00:00
2,,100,snacks,,pending,synthetic donation seed,2025-12-27T07:53:26.077837+00:00
4,5,68,mixed,,pending,synthetic donation seed,2026-02-15T23:53:26.077846+00:00
1,,81,mixed,,pending,synthetic donation seed,2025-12-08T02:53:26.077855+00:00
4,4,92,mixed,2026-01-31T23:53:26.077864+00:00,accepted,synthetic donation seed,2026-01-31T22:53:26.077864+00:00
5,3,63,mixed,2026-01-27T05:53:26.077876+00:00,matched,synthetic donation seed,2026-01-27T02:53:26.077876+00:00
3,5,112,snacks,2026-02-20T00:53:26.077888+00:00,accepted,synthetic donation seed,2026-02-19T19:53:26.077888+00:00
5,,5,snacks,,pending,synthetic donation seed,2025-12-25T23:53:26.077900+00:00
3,,35,mixed,,pending,synthetic donation seed,2025-11-13T06:53:26.077913+00:00
2,5,102,snacks,,pending,synthetic donation seed,2026-01-02T13:53:26.077923+00:00
2,2,116,snacks,2026-02-12T16:53:26.077932+00:00,delivered,synthetic donation seed,2026-02-12T07:53:26.077932+00:00
4,2,44,meals,2025-12-07T21:53:26.077944+00:00,picked_up,synthetic donation seed,2025-12-07T09:53:26.077944+00:00
3,4,48,mixed,2026-02-02T10:53:26.077956+00:00,accepted,synthetic donation seed,2026-02-02T08:53:26.077956+00:00
5,,85,mixed,,pending,synthetic donation seed,2026-02-23T17:53:26.077969+00:00
2,1,40,meals,2026-02-24T03:53:26.077978+00:00,delivered,synthetic donation seed,2026-02-23T23:53:26.077978+00:00
2,,65,rice,,pending,synthetic donation seed,2025-12-21T21:53:26.077990+00:00
4,,59,meals,,pending,synthetic donation seed,2026-01-09T04:53:26.077999+00:00
4,1,98,bread,2026-02-21T21:53:26.078007+00:00,delivered,synthetic donation seed,2026-02-21T14:53:26.078007+00:00
1,,28,bread,,pending,synthetic donation seed,2026-02-16T02:53:26.078019+00:00
4,2,17,mixed,,pending,synthetic donation seed,2025-11-21T22:53:26.078028+00:00
5,1,57,meals,2025-11-17T11:53:26.078036+00:00,delivered,synthetic donation seed,2025-11-17T08:53:26.078036+00:00
4,2,54,bread,2026-02-12T04:53:26.078048+00:00,delivered,synthetic donation seed,2026-02-12T03:53:26.078048+00:00
4,3,96,meals,2025-11-25T09:53:26.078059+00:00,delivered,synthetic donation seed,2025-11-24T22:53:26.078059+00:00
2,,74,mixed,,pending,synthetic donation seed,2025-12-20T16:53:26.078070+00:00
3,,25,mixed,,pending,synthetic donation seed,2025-11-07T23:53:26.078079+00:00
5,1,115,rice,,pending,synthetic donation seed,2026-02-24T18:53:26.078087+00:00
4,1,84,mixed,2025-12-20T21:53:26.078096+00:00,accepted,synthetic donation seed,2025-12-20T20:53:26.078096+00:00
4,5,96,bread,2026-01-31T20:53:26.078108+00:00,matched,synthetic donation seed,2026-01-31T09:53:26.078108+00:00
2,3,101,mixed,2026-01-26T07:53:26.078119+00:00,picked_up,synthetic donation seed,2026-01-26T01:53:26.078119+00:00
1,4,32,snacks,2026-02-21T22:53:26.078131+00:00,accepted,synthetic donation seed,2026-02-21T13:53:26.078131+00:00
3,2,41,rice,2025-11-13T14:53:26.078143+00:00,delivered,synthetic donation seed,2025-11-13T08:53:26.078143+00:00
4,5,6,snacks,2025-11-22T04:53:26.078155+00:00,accepted,synthetic donation seed,2025-11-21T19:53:26.078155+00:00
3,1,100,snacks,,pending,synthetic donation seed,2026-02-19T12:53:26.078166+00:00
2,,92,bread,,pending,synthetic donation seed,2026-01-21T09:53:26.078175+00:00
5,,86,meals,,pending,synthetic donation seed,2026-02-27T13:53:26.078184+00:00
3,,25,meals,,pending,synthetic donation seed,2025-12-14T07:53:26.078193+00:00
5,4,120,rice,,pending,synthetic donation seed,2025-11-04T17:53:26.078201+00:00
5,1,10,bread,2026-02-15T05:53:26.078211+00:00,accepted,synthetic donation seed,2026-02-15T02:53:26.078211+00:00
3,1,18,bread,,pending,synthetic donation seed,2026-02-01T18:53:26.078223+00:00
5,4,107,rice,2025-11-07T11:53:26.078234+00:00,picked_up,synthetic donation seed,2025-11-07T08:53:26.078234+00:00
4,,107,rice,,pending,synthetic donation seed,2025-11-25T02:53:26.078246+00:00
3,2,114,meals,,pending,synthetic donation seed,2025-11-14T14:53:26.078254+00:00
2,2,8,rice,2026-01-25T12:53:26.078263+00:00,accepted,synthetic donation seed,2026-01-25T08:53:26.078263+00:00
4,,49,snacks,,pending,synthetic donation seed,2025-11-27T07:53:26.078274+00:00
4,,27,snacks,,pending,synthetic donation seed,2025-11-13T07:53:26.078283+00:00
3,,60,snacks,,pending,synthetic donation seed,2025-12-02T05:53:26.078291+00:00
5,1,60,mixed,2026-02-02T02:53:26.078300+00:00,accepted,synthetic donation seed,2026-02-01T14:53:26.078300+00:00
5,5,51,meals,2025-11-30T22:53:26.078311+00:00,delivered,synthetic donation seed,2025-11-30T18:53:26.078311+00:00
1,3,69,bread,2026-02-17T21:53:26.078323+00:00,picked_up,synthetic donation seed,2026-02-17T16:53:26.078323+00:00
4,3,90,meals,2026-02-17T16:53:26.078334+00:00,matched,synthetic donation seed,2026-02-17T09:53:26.078334+00:00
2,5,41,rice,2025-11-19T20:53:26.078345+00:00,matched,synthetic donation seed,2025-11-19T15:53:26.078345+00:00
4,5,32,snacks,2026-01-08T12:53:26.078356+00:00,matched,synthetic donation seed,2026-01-08T01:53:26.078356+00:00
4,2,47,mixed,2025-12-11T05:53:26.078367+00:00,matched,synthetic donation seed,2025-12-10T19:53:26.078367+00:00
2,,36,meals,,pending,synthetic donation seed,2026-03-02T14:53:26.078380+00:00
5,1,94,meals,2025-12-22T21:53:26.078388+00:00,delivered,synthetic donation seed,2025-12-22T09:53:26.078388+00:00
4,,104,meals,,pending,synthetic donation seed,2026-03-05T12:53:26.078399+00:00
2,2,36,mixed,2026-01-05T23:53:26.078410+00:00,picked_up,synthetic donation seed,2026-01-05T14:53:26.078410+00:00
4,2,101,meals,2025-12-24T02:53:26.078423+00:00,picked_up,synthetic donation seed,2025-12-23T20:53:26.078423+00:00
5,5,115,meals,2026-01-07T22:53:26.078434+00:00,delivered,synthetic donation seed,2026-01-07T10:53:26.078434+00:00
4,3,85,rice,2026-01-29T07:53:26.078446+00:00,delivered,synthetic donation seed,2026-01-28T23:53:26.078446+00:00
3,,45,snacks,,pending,synthetic donation seed,2026-01-30T05:53:26.078457+00:00
1,,32,mixed,,pending,synthetic donation seed,2026-02-13T17:53:26.078466+00:00
4,,111,meals,,pending,synthetic donation seed,2026-02-26T09:53:26.078475+00:00
4,5,53,meals,,pending,synthetic donation seed,2025-11-12T21:53:26.078484+00:00
1,,73,snacks,,pending,synthetic donation seed,2025-11-11T02:53:26.078494+00:00
5,2,48,meals,2026-01-02T22:53:26.078506+00:00,matched,synthetic donation seed,2026-01-02T15:53:26.078506+00:00
2,4,80,snacks,2025-12-27T22:53:26.078517+00:00,delivered,synthetic donation seed,2025-12-27T15:53:26.078517+00:00
1,1,11,bread,,pending,synthetic donation seed,2026-01-05T10:53:26.078529+00:00
4,,40,meals,,pending,synthetic donation seed,2025-11-28T03:53:26.078538+00:00
3,1,88,mixed,2026-02-27T08:53:26.078547+00:00,picked_up,synthetic donation seed,2026-02-27T04:53:26.078547+00:00
1,1,24,rice,,pending,synthetic donation seed,2026-03-02T20:53:26.078558+00:00
2,4,37,bread,2026-02-06T13:53:26.078566+00:00,accepted,synthetic donation seed,2026-02-06T01:53:26.078566+00:00
2,5,18,snacks,2026-02-19T15:53:26.078578+00:00,picked_up,synthetic donation seed,2026-02-19T10:53:26.078578+00:00
1,3,30,mixed,2026-01-16T15:53:26.078678+00:00,delivered,synthetic donation seed,2026-01-16T03:53:26.078678+00:00
5,,81,mixed,,pending,synthetic donation seed,2025-11-16T18:53:26.078699+00:00
5,,69,bread,,pending,synthetic donation seed,2026-01-17T13:53:26.078710+00:00
1,4,119,meals,,pending,synthetic donation seed,2026-01-17T19:53:26.078720+00:00
2,,83,snacks,,pending,synthetic donation seed,2025-12-12T07:53:26.078730+00:00
4,4,111,mixed,2026-01-30T09:53:26.078739+00:00,picked_up,synthetic donation seed,2026-01-30T05:53:26.078739+00:00
3,,53,bread,,pending,synthetic donation seed,2025-12-16T18:53:26.078751+00:00
1,4,107,bread,,pending,synthetic donation seed,2026-02-06T04:53:26.078760+00:00
3,3,71,rice,2026-01-28T23:53:26.078768+00:00,picked_up,synthetic donation seed,2026-01-28T22:53:26.078768+00:00
1,2,65,meals,2025-11-28T20:53:26.078780+00:00,accepted,synthetic donation seed,2025-11-28T08:53:26.078780+00:00
4,,44,snacks,,pending,synthetic donation seed,2025-12-07T08:53:26.078792+00:00
3,4,50,meals,2025-11-30T04:53:26.078800+00:00,matched,synthetic donation seed,2025-11-29T22:53:26.078800+00:00
3,,20,snacks,,pending,synthetic donation seed,2026-02-09T05:53:26.078812+00:00
2,,102,snacks,,pending,synthetic donation seed,2025-12-02T21:53:26.078822+00:00
5,3,27,bread,2026-01-27T14:53:26.078831+00:00,delivered,synthetic donation seed,2026-01-27T08:53:26.078831+00:00
1,,42,rice,,pending,synthetic donation seed,2026-02-26T22:53:26.078842+00:00
4,1,48,rice,2026-01-04T08:53:26.078851+00:00,accepted,synthetic donation seed,2026-01-04T00:53:26.078851+00:00
1,3,67,mixed,2025-11-20T20:53:26.078862+00:00,accepted,synthetic donation seed,2025-11-20T13:53:26.078862+00:00
5,,36,mixed,,pending,synthetic donation seed,2026-01-26T13:53:26.078874+00:00
5,4,62,meals,2026-02-05T06:53:26.078882+00:00,picked_up,synthetic donation seed,2026-02-04T23:53:26.078882+00:00
3,5,99,mixed,2025-12-17T00:53:26.078894+00:00,matched,synthetic donation seed,2025-12-16T14:53:26.078894+00:00
2,,75,mixed,,pending,synthetic donation seed,2026-02-03T10:53:26.078906+00:00
2,1,34,bread,2026-01-04T07:53:26.078915+00:00,picked_up,synthetic donation seed,2026-01-04T06:53:26.078915+00:00
3,,80,rice,,pending,synthetic donation seed,2026-01-30T19:53:26.078926+00:00
4,1,14,mixed,2025-11-09T10:53:26.078935+00:00,accepted,synthetic donation seed,2025-11-09T07:53:26.078935+00:00
2,3,20,meals,2025-11-08T14:53:26.078946+00:00,delivered,synthetic donation seed,2025-11-08T06:53:26.078946+00:00
3,4,81,mixed,2026-01-01T03:53:26.078966+00:00,accepted,synthetic donation seed,2026-01-01T01:53:26.078966+00:00
4,3,112,snacks,,pending,synthetic donation seed,2026-02-03T18:53:26.078978+00:00
5,1,102,rice,2026-01-29T22:53:26.078987+00:00,picked_up,synthetic donation seed,2026-01-29T21:53:26.078987+00:00
4,5,86,meals,2026-02-10T04:53:26.078998+00:00,delivered,synthetic donation seed,2026-02-09T21:53:26.078998+00:00
1,,114,rice,,pending,synthetic donation seed,2025-12-10T12:53:26.079009+00:00
3,4,9,meals,2025-11-05T12:53:26.079018+00:00,matched,synthetic donation seed,2025-11-05T03:53:26.079018+00:00
1,,115,snacks,,pending,synthetic donation seed,2025-11-27T03:53:26.079029+00:00
1,5,84,meals,,pending,synthetic donation seed,2025-12-29T04:53:26.079037+00:00
4,,61,meals,,pending,synthetic donation seed,2025-11-07T06:53:26.079046+00:00
1,1,44,snacks,2026-02-02T20:53:26.079055+00:00,accepted,synthetic donation seed,2026-02-02T17:53:26.079055+00:00
1,5,64,mixed,,pending,synthetic donation seed,2025-11-18T12:53:26.079067+00:00
2,4,111,meals,2025-12-05T14:53:26.079076+00:00,matched,synthetic donation seed,2025-12-05T07:53:26.079076+00:00
4,2,70,rice,,pending,synthetic donation seed,2026-02-08T20:53:26.079088+00:00
1,3,110,mixed,2026-01-21T04:53:26.079096+00:00,delivered,synthetic donation seed,2026-01-20T23:53:26.079096+00:00
3,3,62,snacks,2025-12-11T03:53:26.079108+00:00,accepted,synthetic donation seed,2025-12-11T00:53:26.079108+00:00
4,,46,rice,,pending,synthetic donation seed,2026-01-16T01:53:26.079119+00:00
2,5,100,meals,2026-01-12T20:53:26.079128+00:00,delivered,synthetic donation seed,2026-01-12T14:53:26.079128+00:00
4,4,9,rice,2025-12-12T19:53:26.079139+00:00,picked_up,synthetic donation seed,2025-12-12T11:53:26.079139+00:00
5,,17,snacks,,pending,synthetic donation seed,2025-11-17T01:53:26.079150+00:00
4,1,65,bread,2025-12-12T13:53:26.079159+00:00,matched,synthetic donation seed,2025-12-12T11:53:26.079159+00:00
3,5,114,snacks,2025-11-16T16:53:26.079170+00:00,accepted,synthetic donation seed,2025-11-16T05:53:26.079170+00:00
4,3,84,mixed,2026-01-01T23:53:26.079181+00:00,delivered,synthetic donation seed,2026-01-01T22:53:26.079181+00:00
2,3,95,mixed,2026-01-09T23:53:26.079195+00:00,picked_up,synthetic donation seed,2026-01-09T12:53:26.079195+00:00
4,2,42,bread,2026-02-28T06:53:26.079206+00:00,delivered,synthetic donation seed,2026-02-28T05:53:26.079206+00:00
3,,106,rice,,pending,synthetic donation seed,2025-12-22T18:53:26.079217+00:00
2,,35,meals,,pending,synthetic donation seed,2025-12-15T18:53:26.079226+00:00
5,,90,mixed,,pending,synthetic donation seed,2026-01-06T07:53:26.079234+00:00
4,3,80,bread,,pending,synthetic donation seed,2026-01-08T04:53:26.079243+00:00
4,3,35,meals,2026-01-15T02:53:26.079252+00:00,matched,synthetic donation seed,2026-01-15T00:53:26.079252+00:00
5,3,55,bread,2026-01-28T02:53:26.079263+00:00,delivered,synthetic donation seed,2026-01-27T15:53:26.079263+00:00
1,5,68,bread,2026-02-27T08:53:26.079275+00:00,picked_up,synthetic donation seed,2026-02-26T20:53:26.079275+00:00
2,5,37,rice,,pending,synthetic donation seed,2026-02-08T20:53:26.079286+00:00
1,,98,rice,,pending,synthetic donation seed,2025-12-21T04:53:26.079295+00:00
1,,105,snacks,,pending,synthetic donation seed,2026-02-08T11:53:26.079304+00:00
3,5,108,bread,2026-02-12T15:53:26.079313+00:00,matched,synthetic donation seed,2026-02-12T07:53:26.079313+00:00
3,1,115,meals,,pending,synthetic donation seed,2025-11-29T08:53:26.079325+00:00
5,,20,meals,,pending,synthetic donation seed,2026-01-30T22:53:26.079334+00:00
3,3,91,rice,2025-11-05T06:53:26.079342+00:00,delivered,synthetic donation seed,2025-11-05T04:53:26.079342+00:00
4,1,87,mixed,2026-01-23T00:53:26.079353+00:00,delivered,synthetic donation seed,2026-01-22T20:53:26.079353+00:00
4,3,43,meals,,pending,synthetic donation seed,2026-02-28T14:53:26.079367+00:00
1,,52,snacks,,pending,synthetic donation seed,2026-01-15T01:53:26.079375+00:00
4,5,17,meals,,pending,synthetic donation seed,2026-01-10T19:53:26.079384+00:00
5,4,61,meals,2025-12-07T08:53:26.079392+00:00,matched,synthetic donation seed,2025-12-07T04:53:26.079392+00:00
2,,50,mixed,,pending,synthetic donation seed,2025-12-25T19:53:26.079403+00:00
4,,16,rice,,pending,synthetic donation seed,2025-11-17T01:53:26.079412+00:00
5,,31,mixed,,pending,synthetic donation seed,2026-02-16T21:53:26.079420+00:00
5,2,105,snacks,2026-02-04T08:53:26.079429+00:00,delivered,synthetic donation seed,2026-02-04T05:53:26.079429+00:00
1,3,37,rice,,pending,synthetic donation seed,2026-02-16T22:53:26.079440+00:00
1,,80,bread,,pending,synthetic donation seed,2025-11-25T08:53:26.079449+00:00
1,,19,mixed,,pending,synthetic donation seed,2026-01-10T23:53:26.079457+00:00
4,4,33,snacks,2026-02-20T10:53:26.079465+00:00,accepted,synthetic donation seed,2026-02-20T01:53:26.079465+00:00
1,,66,meals,,pending,synthetic donation seed,2026-03-02T14:53:26.079479+00:00
4,1,82,rice,2026-02-24T19:53:26.079487+00:00,delivered,synthetic donation seed,2026-02-24T13:53:26.079487+00:00
1,,46,meals,,pending,synthetic donation seed,2025-12-24T17:53:26.079498+00:00
5,,106,mixed,,pending,synthetic donation seed,2026-01-09T12:53:26.079507+00:00
5,2,56,meals,2026-01-12T13:53:26.079516+00:00,delivered,synthetic donation seed,2026-01-12T05:53:26.079516+00:00
1,3,65,mixed,2026-01-17T22:53:26.079528+00:00,picked_up,synthetic donation seed,2026-01-17T11:53:26.079528+00:00
1,,108,rice,,pending,synthetic donation seed,2025-12-01T04:53:26.079539+00:00
5,1,57,bread,2026-01-21T20:53:26.079548+00:00,accepted,synthetic donation seed,2026-01-21T18:53:26.079548+00:00
4,1,69,rice,2026-01-19T22:53:26.079559+00:00,accepted,synthetic donation seed,2026-01-19T12:53:26.079559+00:00
2,,52,mixed,,pending,synthetic donation seed,2025-11-16T22:53:26.079651+00:00
3,,83,snacks,,pending,synthetic donation seed,2025-12-23T20:53:26.079668+00:00
1,5,39,bread,2026-01-30T18:53:26.079678+00:00,delivered,synthetic donation seed,2026-01-30T15:53:26.079678+00:00
3,,56,mixed,,pending,synthetic donation seed,2025-12-22T18:53:26.079691+00:00
2,,63,bread,,pending,synthetic donation seed,2026-01-16T02:53:26.079701+00:00
2,,81,mixed,,pending,synthetic donation seed,2025-11-04T21:53:26.079710+00:00
1,,39,meals,,pending,synthetic donation seed,2025-12-09T13:53:26.079719+00:00
4,4,49,meals,2026-02-06T01:53:26.079727+00:00,matched,synthetic donation seed,2026-02-05T23:53:26.079727+00:00
1,3,10,rice,2025-12-27T23:53:26.079739+00:00,accepted,synthetic donation seed,2025-12-27T18:53:26.079739+00:00
4,,102,bread,,pending,synthetic donation seed,2026-02-06T11:53:26.079751+00:00
3,,21,meals,,pending,synthetic donation seed,2026-01-09T10:53:26.079760+00:00
5,2,55,mixed,2025-11-22T06:53:26.079769+00:00,delivered,synthetic donation seed,2025-11-22T04:53:26.079769+00:00
4,1,59,snacks,,pending,synthetic donation seed,2026-01-23T21:53:26.079780+00:00
4,,107,snacks,,pending,synthetic donation seed,2026-01-23T10:53:26.079789+00:00
4,,80,meals,,pending,synthetic donation seed,2026-02-02T02:53:26.079798+00:00
5,1,104,rice,2026-01-21T14:53:26.079806+00:00,matched,synthetic donation seed,2026-01-21T08:53:26.079806+00:00
1,5,98,rice,2026-02-09T10:53:26.079817+00:00,accepted,synthetic donation seed,2026-02-09T04:53:26.079817+00:00
2,,102,mixed,,pending,synthetic donation seed,2025-12-18T11:53:26.079829+00:00
2,4,117,snacks,2025-12-21T12:53:26.079837+00:00,accepted,synthetic donation seed,2025-12-21T01:53:26.079837+00:00
5,3,65,meals,2026-02-14T03:53:26.079848+00:00,accepted,synthetic donation seed,2026-02-14T01:53:26.079848+00:00
3,3,62,mixed,2026-02-24T14:53:26.079859+00:00,matched,synthetic donation seed,2026-02-24T06:53:26.079859+00:00
1,3,83,snacks,,pending,synthetic donation seed,2025-11-15T13:53:26.079871+00:00
5,4,62,snacks,2025-11-23T17:53:26.079880+00:00,accepted,synthetic donation seed,2025-11-23T16:53:26.079880+00:00
2,3,108,bread,2026-02-26T03:53:26.079892+00:00,accepted,synthetic donation seed,2026-02-26T01:53:26.079892+00:00
1,5,61,snacks,,pending,synthetic donation seed,2025-12-05T01:53:26.079903+00:00
5,,57,bread,,pending,synthetic donation seed,2026-01-28T03:53:26.079911+00:00
5,1,76,meals,2026-02-25T07:53:26.079920+00:00,accepted,synthetic donation seed,2026-02-25T05:53:26.079920+00:00
3,3,47,mixed,2025-11-08T23:53:26.079931+00:00,picked_up,synthetic donation seed,2025-11-08T20:53:26.079931+00:00
5,2,55,rice,2025-12-12T04:53:26.079942+00:00,matched,synthetic donation seed,2025-12-11T17:53:26.079942+00:00
5,,109,rice,,pending,synthetic donation seed,2025-11-24T05:53:26.079954+00:00
5,1,44,rice,2026-01-18T21:53:26.079962+00:00,matched,synthetic donation seed,2026-01-18T15:53:26.079962+00:00
2,3,14,bread,2026-02-05T14:53:26.079974+00:00,accepted,synthetic donation seed,2026-02-05T11:53:26.079974+00:00
1,5,89,bread,2025-11-12T00:53:26.079984+00:00,delivered,synthetic donation seed,2025-11-11T23:53:26.079984+00:00
5,2,103,snacks,,pending,synthetic donation seed,2026-02-09T17:53:26.079996+00:00
2,,61,snacks,,pending,synthetic donation seed,2025-12-03T08:53:26.080004+00:00
3,,120,rice,,pending,synthetic donation seed,2025-11-22T00:53:26.080013+00:00
3,5,72,meals,2026-01-28T12:53:26.080022+00:00,accepted,synthetic donation seed,2026-01-28T03:53:26.080022+00:00
2,2,87,meals,,pending,synthetic donation seed,2026-02-01T14:53:26.080034+00:00
3,5,15,rice,2025-12-29T17:53:26.080043+00:00,picked_up,synthetic donation seed,2025-12-29T12:53:26.080043+00:00
3,4,33,meals,,pending,synthetic donation seed,2026-01-09T13:53:26.080055+00:00
3,1,15,bread,2026-01-17T15:53:26.080064+00:00,matched,synthetic donation seed,2026-01-17T08:53:26.080064+00:00
2,,47,rice,,pending,synthetic donation seed,2025-12-03T19:53:26.080076+00:00
2,,102,meals,,pending,synthetic donation seed,2025-12-06T11:53:26.080084+00:00
4,,111,rice,,pending,synthetic donation seed,2026-02-01T09:53:26.080093+00:00
5,5,43,mixed,,pending,synthetic donation seed,2026-01-28T08:53:26.080101+00:00
1,2,112,meals,2026-01-06T15:53:26.080109+00:00,picked_up,synthetic donation seed,2026-01-06T13:53:26.080109+00:00
5,,23,bread,,pending,synthetic donation seed,2026-02-02T17:53:26.080120+00:00
4,1,90,mixed,,pending,synthetic donation seed,2026-01-11T10:53:26.080129+00:00
5,,75,mixed,,pending,synthetic donation seed,2025-12-30T23:53:26.080137+00:00
4,,100,mixed,,pending,synthetic donation seed,2026-01-17T07:53:26.080146+00:00
3,,103,snacks,,pending,synthetic donation seed,2025-12-15T12:53:26.080154+00:00
3,,27,meals,,pending,synthetic donation seed,2025-11-20T19:53:26.080162+00:00
4,2,9,bread,,pending,synthetic donation seed,2025-11-26T01:53:26.080171+00:00
2,1,55,snacks,2026-01-24T15:53:26.080182+00:00,delivered,synthetic donation seed,2026-01-24T06:53:26.080182+00:00
4,,115,mixed,,pending,synthetic donation seed,2026-01-28T04:53:26.080193+00:00
3,,100,meals,,pending,synthetic donation seed,2025-11-12T03:53:26.080202+00:00
4,3,39,mixed,2026-01-01T13:53:26.080210+00:00,accepted,synthetic donation seed,2026-01-01T04:53:26.080210+00:00
4,1,46,mixed,2026-02-10T03:53:26.080221+00:00,delivered,synthetic donation seed,2026-02-09T22:53:26.080221+00:00
1,3,26,meals,2025-12-18T00:53:26.080232+00:00,matched,synthetic donation seed,2025-12-17T17:53:26.080232+00:00
3,,60,bread,,pending,synthetic donation seed,2026-01-18T20:53:26.080243+00:00
1,1,25,mixed,2025-12-30T03:53:26.080252+00:00,matched,synthetic donation seed,2025-12-29T16:53:26.080252+00:00
2,5,104,bread,2026-02-17T17:53:26.080263+00:00,matched,synthetic donation seed,2026-02-17T13:53:26.080263+00:00
3,4,62,bread,,pending,synthetic donation seed,2026-02-13T18:53:26.080274+00:00
3,4,45,bread,2025-12-28T11:53:26.080282+00:00,accepted,synthetic donation seed,2025-12-28T04:53:26.080282+00:00
2,,76,mixed,,pending,synthetic donation seed,2025-12-29T03:53:26.080293+00:00
3,3,93,meals,,pending,synthetic donation seed,2025-12-17T06:53:26.080303+00:00
2,,61,mixed,,pending,synthetic donation seed,2026-02-10T17:53:26.080312+00:00
3,3,96,rice,2026-01-27T09:53:26.080321+00:00,accepted,synthetic donation seed,2026-01-27T06:53:26.080321+00:00
3,,35,meals,,pending,synthetic donation seed,2025-11-24T11:53:26.080333+00:00
1,3,83,mixed,2025-11-23T01:53:26.080341+00:00,matched,synthetic donation seed,2025-11-22T22:53:26.080341+00:00
1,3,103,meals,2026-01-03T06:53:26.080353+00:00,picked_up,synthetic donation seed,2026-01-02T23:53:26.080353+00:00
5,,64,snacks,,pending,synthetic donation seed,2026-02-24T01:53:26.080364+00:00
3,2,103,rice,2025-12-14T00:53:26.080372+00:00,picked_up,synthetic donation seed,2025-12-13T21:53:26.080372+00:00
4,5,24,bread,,pending,synthetic donation seed,2026-02-17T23:53:26.080383+00:00
2,,119,bread,,pending,synthetic donation seed,2026-01-19T23:53:26.080391+00:00
1,,85,bread,,pending,synthetic donation seed,2026-01-29T11:53:26.080400+00:00
5,,24,rice,,pending,synthetic donation seed,2025-12-19T21:53:26.080408+00:00
5,,15,mixed,,pending,synthetic donation seed,2026-02-28T15:53:26.080419+00:00
5,3,8,meals,2026-01-11T07:53:26.080428+00:00,picked_up,synthetic donation seed,2026-01-10T20:53:26.080428+00:00
5,3,43,meals,2026-02-02T01:53:26.080439+00:00,matched,synthetic donation seed,2026-02-01T18:53:26.080439+00:00
1,,48,snacks,,pending,synthetic donation seed,2026-01-05T09:53:26.080450+00:00
2,3,21,bread,2025-11-15T11:53:26.080459+00:00,matched,synthetic donation seed,2025-11-15T04:53:26.080459+00:00
5,,62,rice,,pending,synthetic donation seed,2026-02-18T07:53:26.080470+00:00
2,,58,rice,,pending,synthetic donation seed,2025-11-14T20:53:26.080478+00:00
2,3,70,meals,2026-02-09T18:53:26.080487+00:00,picked_up,synthetic donation seed,2026-02-09T10:53:26.080487+00:00
4,3,63,rice,,pending,synthetic donation seed,2026-01-13T23:53:26.080498+00:00
2,5,117,meals,,pending,synthetic donation seed,2025-12-31T20:53:26.080506+00:00
3,,98,bread,,pending,synthetic donation seed,2026-02-16T07:53:26.080515+00:00
4,,51,snacks,,pending,synthetic donation seed,2025-12-24T09:53:26.080542+00:00
3,1,92,snacks,2025-12-25T17:53:26.080552+00:00,accepted,synthetic donation seed,2025-12-25T07:53:26.080552+00:00
1,2,51,rice,2025-11-24T14:53:26.080564+00:00,matched,synthetic donation seed,2025-11-24T05:53:26.080564+00:00
2,5,96,bread,2026-02-28T17:53:26.080576+00:00,accepted,synthetic donation seed,2026-02-28T14:53:26.080576+00:00
4,5,83,bread,2025-12-30T17:53:26.080587+00:00,accepted,synthetic donation seed,2025-12-30T11:53:26.080587+00:00
2,4,69,snacks,2026-01-26T03:53:26.080598+00:00,picked_up,synthetic donation seed,2026-01-25T21:53:26.080598+00:00
5,4,47,mixed,2025-11-21T21:53:26.080609+00:00,matched,synthetic donation seed,2025-11-21T15:53:26.080609+00:00
4,,85,mixed,,pending,synthetic donation seed,2025-11-13T17:53:26.080620+00:00
5,,78,rice,,pending,synthetic donation seed,2025-11-25T21:53:26.080628+00:00
1,5,23,rice,2025-12-03T03:53:26.080637+00:00,accepted,synthetic donation seed,2025-12-02T20:53:26.080637+00:00
1,5,45,meals,,pending,synthetic donation seed,2026-03-03T01:53:26.080648+00:00
2,4,116,mixed,2025-11-26T04:53:26.080657+00:00,matched,synthetic donation seed,2025-11-25T20:53:26.080657+00:00
2,,72,meals,,pending,synthetic donation seed,2025-12-11T00:53:26.080668+00:00
3,2,103,bread,2025-12-26T15:53:26.080676+00:00,accepted,synthetic donation seed,2025-12-26T04:53:26.080676+00:00
5,,33,bread,,pending,synthetic donation seed,2025-12-24T06:53:26.080688+00:00
3,2,106,bread,2026-01-03T13:53:26.080697+00:00,accepted,synthetic donation seed,2026-01-03T04:53:26.080697+00:00
3,1,103,rice,2025-11-11T09:53:26.080708+00:00,accepted,synthetic donation seed,2025-11-11T03:53:26.080708+00:00
3,,88,bread,,pending,synthetic donation seed,2026-01-20T01:53:26.080720+00:00
4,,94,bread,,pending,synthetic donation seed,2025-11-05T22:53:26.080729+00:00
2,1,120,snacks,2026-02-03T01:53:26.080737+00:00,accepted,synthetic donation seed,2026-02-02T14:53:26.080737+00:00
2,,17,rice,,pending,synthetic donation seed,2025-12-04T00:53:26.080748+00:00
1,5,66,rice,,pending,synthetic donation seed,2025-12-12T00:53:26.080757+00:00
3,,88,snacks,,pending,synthetic donation seed,2025-11-27T13:53:26.080765+00:00
2,5,117,rice,2026-03-01T17:53:26.080774+00:00,delivered,synthetic donation seed,2026-03-01T10:53:26.080774+00:00
1,4,117,mixed,,pending,synthetic donation seed,2025-11-30T06:53:26.080785+00:00
1,3,63,snacks,,pending,synthetic donation seed,2026-01-22T06:53:26.080793+00:00
5,4,39,rice,,pending,synthetic donation seed,2025-12-31T01:53:26.080802+00:00
1,,28,mixed,,pending,synthetic donation seed,2026-01-31T17:53:26.080810+00:00
3,3,119,meals,2026-02-11T07:53:26.080819+00:00,picked_up,synthetic donation seed,2026-02-10T20:53:26.080819+00:00
4,,22,meals,,pending,synthetic donation seed,2026-02-21T10:53:26.080832+00:00
3,,47,bread,,pending,synthetic donation seed,2026-01-07T07:53:26.080840+00:00
5,,12,mixed,,pending,synthetic donation seed,2025-12-07T08:53:26.080849+00:00
4,,103,bread,,pending,synthetic donation seed,2025-11-06T17:53:26.080858+00:00
1,3,24,meals,,pending,synthetic donation seed,2026-02-16T00:53:26.080866+00:00
5,3,110,rice,2026-01-04T09:53:26.080875+00:00,accepted,synthetic donation seed,2026-01-03T22:53:26.080875+00:00
2,5,95,bread,,pending,synthetic donation seed,2026-01-06T23:53:26.080887+00:00
1,,30,snacks,,pending,synthetic donation seed,2025-11-09T23:53:26.080896+00:00
5,,92,rice,,pending,synthetic donation seed,2026-01-08T12:53:26.080905+00:00
5,,63,rice,,pending,synthetic donation seed,2025-11-22T14:53:26.080913+00:00
5,4,108,bread,,pending,synthetic donation seed,2026-01-04T18:53:26.080921+00:00
1,,14,mixed,,pending,synthetic donation seed,2026-02-05T21:53:26.080929+00:00
4,3,9,bread,2026-02-26T21:53:26.080938+00:00,accepted,synthetic donation seed,2026-02-26T13:53:26.080938+00:00
4,2,52,meals,2025-12-02T02:53:26.080949+00:00,picked_up,synthetic donation seed,2025-12-01T19:53:26.080949+00:00
4,4,88,bread,2025-12-11T01:53:26.080961+00:00,picked_up,synthetic donation seed,2025-12-10T22:53:26.080961+00:00
1,2,111,mixed,2026-02-16T20:53:26.080981+00:00,matched,synthetic donation seed,2026-02-16T16:53:26.080981+00:00
1,3,110,rice,2026-01-10T05:53:26.080992+00:00,picked_up,synthetic donation seed,2026-01-09T22:53:26.080992+00:00
2,,102,mixed,,pending,synthetic donation seed,2025-11-05T16:53:26.081003+00:00
1,4,31,mixed,2025-11-12T19:53:26.081012+00:00,delivered,synthetic donation seed,2025-11-12T15:53:26.081012+00:00
1,,36,mixed,,pending,synthetic donation seed,2025-12-05T14:53:26.081023+00:00
4,,22,snacks,,pending,synthetic donation seed,2025-11-15T14:53:26.081032+00:00
3,2,103,bread,2026-01-24T07:53:26.081040+00:00,picked_up,synthetic donation seed,2026-01-23T21:53:26.081040+00:00
2,3,43,bread,2025-12-29T15:53:26.081051+00:00,delivered,synthetic donation seed,2025-12-29T08:53:26.081051+00:00
1,5,91,meals,2025-11-09T21:53:26.081062+00:00,delivered,synthetic donation seed,2025-11-09T10:53:26.081062+00:00
5,,53,snacks,,pending,synthetic donation seed,2025-12-12T18:53:26.081073+00:00
3,4,35,rice,2026-02-10T06:53:26.081082+00:00,matched,synthetic donation seed,2026-02-09T22:53:26.081082+00:00
3,2,76,snacks,2025-12-24T09:53:26.081093+00:00,delivered,synthetic donation seed,2025-12-24T02:53:26.081093+00:00
2,,62,bread,,pending,synthetic donation seed,2025-12-13T13:53:26.081104+00:00
1,5,91,snacks,,pending,synthetic donation seed,2026-01-30T03:53:26.081113+00:00
5,1,97,snacks,,pending,synthetic donation seed,2025-11-27T21:53:26.081121+00:00
2,,32,rice,,pending,synthetic donation seed,2026-01-26T15:53:26.081130+00:00
1,4,35,snacks,2025-12-05T16:53:26.081138+00:00,picked_up,synthetic donation seed,2025-12-05T09:53:26.081138+00:00
3,3,51,snacks,2026-01-19T11:53:26.081150+00:00,accepted,synthetic donation seed,2026-01-19T06:53:26.081150+00:00
4,,31,bread,,pending,synthetic donation seed,2026-01-04T05:53:26.081161+00:00
3,,7,bread,,pending,synthetic donation seed,2025-12-01T11:53:26.081169+00:00
5,5,34,meals,2026-02-14T15:53:26.081177+00:00,matched,synthetic donation seed,2026-02-14T09:53:26.081177+00:00
5,2,102,meals,2025-12-08T10:53:26.081189+00:00,picked_up,synthetic donation seed,2025-12-08T05:53:26.081189+00:00
4,,97,snacks,,pending,synthetic donation seed,2026-02-12T11:53:26.081200+00:00
4,2,9,mixed,2025-12-13T23:53:26.081208+00:00,accepted,synthetic donation seed,2025-12-13T14:53:26.081208+00:00
1,1,24,mixed,2026-02-05T01:53:26.081219+00:00,delivered,synthetic donation seed,2026-02-04T13:53:26.081219+00:00
2,5,83,meals,,pending,synthetic donation seed,2025-12-13T18:53:26.081231+00:00
4,,72,bread,,pending,synthetic donation seed,2026-03-04T15:53:26.081239+00:00
5,,108,rice,,pending,synthetic donation seed,2025-12-09T02:53:26.081247+00:00
1,1,37,bread,,pending,synthetic donation seed,2025-12-15T23:53:26.081256+00:00
3,,36,rice,,pending,synthetic donation seed,2026-01-05T21:53:26.081264+00:00
3,1,56,meals,2025-11-28T16:53:26.081272+00:00,delivered,synthetic donation seed,2025-11-28T14:53:26.081272+00:00
4,5,68,meals,2025-12-06T12:53:26.081283+00:00,accepted,synthetic donation seed,2025-12-06T10:53:26.081283+00:00
3,5,34,rice,2025-11-11T00:53:26.081296+00:00,delivered,synthetic donation seed,2025-11-10T23:53:26.081296+00:00
5,,120,snacks,,pending,synthetic donation seed,2025-12-08T07:53:26.081308+00:00
5,,80,rice,,pending,synthetic donation seed,2026-03-03T09:53:26.081317+00:00
4,,91,snacks,,pending,synthetic donation seed,2025-12-23T03:53:26.081325+00:00
3,4,15,snacks,,pending,synthetic donation seed,2025-12-06T16:53:26.081334+00:00
3,,82,snacks,,pending,synthetic donation seed,2026-02-24T05:53:26.081343+00:00
5,4,67,rice,2025-12-14T15:53:26.081351+00:00,matched,synthetic donation seed,2025-12-14T07:53:26.081351+00:00
3,5,53,mixed,2025-12-08T08:53:26.081362+00:00,matched,synthetic donation seed,2025-12-07T21:53:26.081362+00:00
5,3,53,rice,2026-02-23T10:53:26.081373+00:00,picked_up,synthetic donation seed,2026-02-23T07:53:26.081373+00:00
4,3,61,bread,,pending,synthetic donation seed,2025-11-05T06:53:26.081384+00:00
3,,76,snacks,,pending,synthetic donation seed,2026-01-06T22:53:26.081392+00:00
4,,81,bread,,pending,synthetic donation seed,2026-02-21T20:53:26.081448+00:00
4,,120,snacks,,pending,synthetic donation seed,2026-02-22T16:53:26.081463+00:00
2,5,43,bread,2026-02-12T16:53:26.081473+00:00,picked_up,synthetic donation seed,2026-02-12T11:53:26.081473+00:00
4,,66,mixed,,pending,synthetic donation seed,2026-01-11T06:53:26.081486+00:00
3,3,30,meals,2026-01-01T06:53:26.081495+00:00,picked_up,synthetic donation seed,2025-12-31T20:53:26.081495+00:00
1,,53,bread,,pending,synthetic donation seed,2026-01-21T20:53:26.081507+00:00
4,3,43,bread,2025-12-11T23:53:26.081515+00:00,delivered,synthetic donation seed,2025-12-11T20:53:26.081515+00:00
5,2,42,meals,,pending,synthetic donation seed,2026-01-14T05:53:26.081527+00:00
5,,51,mixed,,pending,synthetic donation seed,2025-11-25T03:53:26.081536+00:00
5,2,98,meals,2025-12-07T23:53:26.081545+00:00,accepted,synthetic donation seed,2025-12-07T22:53:26.081545+00:00
2,4,68,rice,2026-02-25T13:53:26.081556+00:00,delivered,synthetic donation seed,2026-02-25T02:53:26.081556+00:00
3,,14,meals,,pending,synthetic donation seed,2026-01-10T03:53:26.081568+00:00
5,4,74,mixed,2025-11-07T00:53:26.081577+00:00,accepted,synthetic donation seed,2025-11-06T17:53:26.081577+00:00
3,5,90,bread,2026-02-20T19:53:26.081588+00:00,delivered,synthetic donation seed,2026-02-20T08:53:26.081588+00:00
2,,56,bread,,pending,synthetic donation seed,2025-12-08T19:53:26.081600+00:00
4,,71,snacks,,pending,synthetic donation seed,2025-12-29T16:53:26.081609+00:00
5,,80,snacks,,pending,synthetic donation seed,2026-01-04T18:53:26.081617+00:00
2,3,19,rice,2026-01-27T04:53:26.081626+00:00,accepted,synthetic donation seed,2026-01-27T02:53:26.081626+00:00
3,,49,meals,,pending,synthetic donation seed,2025-12-29T00:53:26.081637+00:00
1,4,108,mixed,2026-02-25T07:53:26.081645+00:00,accepted,synthetic donation seed,2026-02-25T06:53:26.081645+00:00
1,3,71,rice,2026-02-11T20:53:26.081656+00:00,picked_up,synthetic donation seed,2026-02-11T16:53:26.081656+00:00
5,,107,meals,,pending,synthetic donation seed,2026-01-05T08:53:26.081667+00:00
2,2,118,rice,2026-03-02T02:53:26.081676+00:00,matched,synthetic donation seed,2026-03-01T16:53:26.081676+00:00
4,5,40,mixed,,pending,synthetic donation seed,2026-02-06T09:53:26.081687+00:00
5,1,63,mixed,2026-01-18T09:53:26.081695+00:00,accepted,synthetic donation seed,2026-01-18T05:53:26.081695+00:00
3,4,55,snacks,2025-12-19T13:53:26.081706+00:00,accepted,synthetic donation seed,2025-12-19T03:53:26.081706+00:00
1,3,107,bread,2026-02-11T06:53:26.081717+00:00,accepted,synthetic donation seed,2026-02-10T18:53:26.081717+00:00
5,,44,mixed,,pending,synthetic donation seed,2026-02-18T08:53:26.081729+00:00
2,3,78,meals,2026-01-10T23:53:26.081737+00:00,accepted,synthetic donation seed,2026-01-10T20:53:26.081737+00:00
4,2,76,rice,2025-11-07T22:53:26.081748+00:00,accepted,synthetic donation seed,2025-11-07T19:53:26.081748+00:00
4,,11,bread,,pending,synthetic donation seed,2026-01-06T20:53:26.081759+00:00
1,,88,meals,,pending,synthetic donation seed,2025-12-23T23:53:26.081768+00:00
4,4,77,mixed,2026-01-02T12:53:26.081776+00:00,delivered,synthetic donation seed,2026-01-02T10:53:26.081776+00:00
2,,104,meals,,pending,synthetic donation seed,2026-01-28T10:53:26.081788+00:00
5,4,104,snacks,,pending,synthetic donation seed,2026-02-19T07:53:26.081796+00:00
3,5,74,rice,,pending,synthetic donation seed,2025-12-03T01:53:26.081805+00:00
4,1,62,bread,2026-02-02T07:53:26.081813+00:00,picked_up,synthetic donation seed,2026-02-02T06:53:26.081813+00:00
3,1,108,snacks,2025-11-26T12:53:26.081824+00:00,delivered,synthetic donation seed,2025-11-26T08:53:26.081824+00:00
3,5,109,rice,,pending,synthetic donation seed,2026-02-16T09:53:26.081836+00:00
1,5,95,bread,2025-12-27T16:53:26.081844+00:00,matched,synthetic donation seed,2025-12-27T10:53:26.081844+00:00
3,,109,mixed,,pending,synthetic donation seed,2025-11-09T18:53:26.081856+00:00
2,4,94,rice,2025-11-14T22:53:26.081864+00:00,delivered,synthetic donation seed,2025-11-14T19:53:26.081864+00:00
2,2,67,rice,2025-11-28T01:53:26.081876+00:00,delivered,synthetic donation seed,2025-11-27T18:53:26.081876+00:00
5,3,56,snacks,2026-02-23T21:53:26.081887+00:00,matched,synthetic donation seed,2026-02-23T19:53:26.081887+00:00
3,3,16,meals,2025-12-22T03:53:26.081898+00:00,accepted,synthetic donation seed,2025-12-21T15:53:26.081898+00:00
3,1,39,bread,2026-01-10T17:53:26.081910+00:00,matched,synthetic donation seed,2026-01-10T09:53:26.081910+00:00
3,3,105,bread,,pending,synthetic donation seed,2025-11-16T00:53:26.081921+00:00
1,,20,rice,,pending,synthetic donation seed,2026-01-06T15:53:26.081930+00:00
4,,21,bread,,pending,synthetic donation seed,2026-02-07T17:53:26.081938+00:00
2,,90,rice,,pending,synthetic donation seed,2026-02-23T04:53:26.081947+00:00
1,4,88,mixed,2025-11-29T15:53:26.081956+00:00,picked_up,synthetic donation seed,2025-11-29T08:53:26.081956+00:00
1,,71,meals,,pending,synthetic donation seed,2025-12-20T08:53:26.081967+00:00
1,1,21,meals,2025-11-15T14:53:26.081976+00:00,delivered,synthetic donation seed,2025-11-15T02:53:26.081976+00:00
1,2,52,bread,2026-02-20T18:53:26.081986+00:00,picked_up,synthetic donation seed,2026-02-20T12:53:26.081986+00:00
2,4,23,mixed,2026-02-16T06:53:26.081997+00:00,picked_up,synthetic donation seed,2026-02-15T19:53:26.081997+00:00
5,,97,rice,,pending,synthetic donation seed,2026-01-08T04:53:26.082008+00:00
2,4,22,mixed,2026-02-06T15:53:26.082019+00:00,matched,synthetic donation seed,2026-02-06T13:53:26.082019+00:00
5,4,40,mixed,2025-11-24T15:53:26.082031+00:00,matched,synthetic donation seed,2025-11-24T11:53:26.082031+00:00
2,5,113,bread,2026-01-27T18:53:26.082042+00:00,picked_up,synthetic donation seed,2026-01-27T17:53:26.082042+00:00
2,5,87,mixed,,pending,synthetic donation seed,2026-01-14T06:53:26.082053+00:00
2,4,14,snacks,,pending,synthetic donation seed,2025-12-13T20:53:26.082061+00:00
1,3,58,bread,,pending,synthetic donation seed,2025-11-14T21:53:26.082069+00:00
5,2,80,mixed,2025-11-27T14:53:26.082078+00:00,delivered,synthetic donation seed,2025-11-27T13:53:26.082078+00:00
1,,69,bread,,pending,synthetic donation seed,2025-11-24T03:53:26.082089+00:00
5,4,83,rice,2025-12-14T07:53:26.082097+00:00,matched,synthetic donation seed,2025-12-13T22:53:26.082097+00:00
3,,73,bread,,pending,synthetic donation seed,2026-02-07T11:53:26.082108+00:00
4,5,44,meals,2025-12-07T21:53:26.082117+00:00,delivered,synthetic donation seed,2025-12-07T19:53:26.082117+00:00
2,,83,snacks,,pending,synthetic donation seed,2026-02-19T01:53:26.082128+00:00
1,3,95,rice,2026-02-11T13:53:26.082136+00:00,picked_up,synthetic donation seed,2026-02-11T12:53:26.082136+00:00
1,2,26,bread,2025-12-28T21:53:26.082147+00:00,matched,synthetic donation seed,2025-12-28T16:53:26.082147+00:00
2,3,47,meals,,pending,synthetic donation seed,2025-11-10T15:53:26.082158+00:00
3,,14,meals,,pending,synthetic donation seed,2025-12-21T19:53:26.082166+00:00
4,5,25,bread,2025-12-23T16:53:26.082175+00:00,accepted,synthetic donation seed,2025-12-23T10:53:26.082175+00:00
1,5,5,mixed,,pending,synthetic donation seed,2025-11-30T23:53:26.082185+00:00
1,,27,mixed,,pending,synthetic donation seed,2025-11-08T11:53:26.082194+00:00
5,,45,bread,,pending,synthetic donation seed,2025-11-07T16:53:26.082202+00:00
1,5,33,snacks,2025-11-10T17:53:26.082211+00:00,accepted,synthetic donation seed,2025-11-10T14:53:26.082211+00:00
1,,46,mixed,,pending,synthetic donation seed,2026-01-28T06:53:26.082222+00:00
5,,99,snacks,,pending,synthetic donation seed,2025-12-23T06:53:26.082231+00:00
2,4,120,snacks,2025-11-27T21:53:26.082240+00:00,delivered,synthetic donation seed,2025-11-27T09:53:26.082240+00:00
2,,49,mixed,,pending,synthetic donation seed,2026-02-03T22:53:26.082251+00:00
3,1,18,rice,2025-11-30T21:53:26.082260+00:00,matched,synthetic donation seed,2025-11-30T16:53:26.082260+00:00
5,2,16,mixed,2026-02-14T22:53:26.082271+00:00,delivered,synthetic donation seed,2026-02-14T17:53:26.082271+00:00
2,5,79,mixed,2026-01-05T18:53:26.082283+00:00,delivered,synthetic donation seed,2026-01-05T16:53:26.082283+00:00
5,2,60,rice,2025-12-19T22:53:26.082294+00:00,matched,synthetic donation seed,2025-12-19T21:53:26.082294+00:00
2,,94,bread,,pending,synthetic donation seed,2025-11-23T03:53:26.082319+00:00
3,,104,snacks,,pending,synthetic donation seed,2026-02-08T11:53:26.082330+00:00
1,,20,snacks,,pending,synthetic donation seed,2026-01-24T02:53:26.082339+00:00
3,2,25,bread,2025-11-16T14:53:26.082348+00:00,accepted,synthetic donation seed,2025-11-16T12:53:26.082348+00:00
5,,96,rice,,pending,synthetic donation seed,2026-02-15T13:53:26.082360+00:00
3,4,56,meals,2026-01-31T11:53:26.082369+00:00,picked_up,synthetic donation seed,2026-01-31T10:53:26.082369+00:00
5,,20,mixed,,pending,synthetic donation seed,2025-11-23T11:53:26.082380+00:00
1,,85,mixed,,pending,synthetic donation seed,2026-01-16T18:53:26.082389+00:00
5,,30,meals,,pending,synthetic donation seed,2026-03-03T13:53:26.082397+00:00
2,1,64,mixed,2026-01-22T13:53:26.082406+00:00,delivered,synthetic donation seed,2026-01-22T12:53:26.082406+00:00
2,5,92,meals,2026-01-01T22:53:26.082417+00:00,picked_up,synthetic donation seed,2026-01-01T15:53:26.082417+00:00
2,,118,rice,,pending,synthetic donation seed,2026-01-29T01:53:26.082428+00:00
1,5,57,snacks,,pending,synthetic donation seed,2026-01-27T00:53:26.082437+00:00
4,,87,snacks,,pending,synthetic donation seed,2026-01-11T09:53:26.082445+00:00
2,5,66,snacks,2025-11-24T23:53:26.082454+00:00,delivered,synthetic donation seed,2025-11-24T17:53:26.082454+00:00
4,3,8,bread,2026-01-15T10:53:26.082465+00:00,accepted,synthetic donation seed,2026-01-15T07:53:26.082465+00:00
5,,108,meals,,pending,synthetic donation seed,2026-01-29T14:53:26.082476+00:00
5,3,89,rice,2026-02-13T16:53:26.082484+00:00,delivered,synthetic donation seed,2026-02-13T12:53:26.082484+00:00
3,5,113,meals,2026-02-26T18:53:26.082495+00:00,delivered,synthetic donation seed,2026-02-26T08:53:26.082495+00:00
3,,94,bread,,pending,synthetic donation seed,2025-11-21T16:53:26.082506+00:00
5,1,77,rice,2025-12-23T00:53:26.082515+00:00,matched,synthetic donation seed,2025-12-22T21:53:26.082515+00:00
4,,34,snacks,,pending,synthetic donation seed,2026-02-22T14:53:26.082526+00:00
2,1,30,rice,,pending,synthetic donation seed,2025-11-07T20:53:26.082534+00:00
3,2,23,snacks,2026-01-23T15:53:26.082542+00:00,delivered,synthetic donation seed,2026-01-23T14:53:26.082542+00:00
2,1,89,meals,2026-02-24T16:53:26.082553+00:00,delivered,synthetic donation seed,2026-02-24T04:53:26.082553+00:00
5,,60,meals,,pending,synthetic donation seed,2026-02-12T16:53:26.082565+00:00
3,2,33,snacks,2025-11-12T02:53:26.082573+00:00,accepted,synthetic donation seed,2025-11-11T20:53:26.082573+00:00
2,,98,mixed,,pending,synthetic donation seed,2026-02-17T10:53:26.082585+00:00
5,4,82,bread,2025-12-23T17:53:26.082593+00:00,picked_up,synthetic donation seed,2025-12-23T14:53:26.082593+00:00
5,2,47,mixed,,pending,synthetic donation seed,2026-01-01T11:53:26.082604+00:00
2,3,110,bread,,pending,synthetic donation seed,2025-11-12T13:53:26.082613+00:00
4,,37,mixed,,pending,synthetic donation seed,2026-02-25T04:53:26.082621+00:00
1,1,117,meals,2026-02-12T10:53:26.082630+00:00,picked_up,synthetic donation seed,2026-02-12T02:53:26.082630+00:00
3,5,102,rice,2025-11-25T08:53:26.082641+00:00,delivered,synthetic donation seed,2025-11-24T21:53:26.082641+00:00
2,,45,bread,,pending,synthetic donation seed,2026-01-27T15:53:26.082652+00:00
1,,14,snacks,,pending,synthetic donation seed,2026-02-12T16:53:26.082660+00:00
1,3,60,rice,2026-01-02T18:53:26.082668+00:00,accepted,synthetic donation seed,2026-01-02T17:53:26.082668+00:00
5,,57,snacks,,pending,synthetic donation seed,2026-02-07T09:53:26.082679+00:00
5,3,78,snacks,2026-02-21T21:53:26.082688+00:00,matched,synthetic donation seed,2026-02-21T14:53:26.082688+00:00
4,,110,snacks,,pending,synthetic donation seed,2026-02-22T06:53:26.082699+00:00
4,,15,meals,,pending,synthetic donation seed,2025-12-14T06:53:26.082707+00:00
1,3,16,snacks,2025-11-10T23:53:26.082716+00:00,accepted,synthetic donation seed,2025-11-10T18:53:26.082716+00:00
4,2,38,meals,2026-02-10T02:53:26.082727+00:00,matched,synthetic donation seed,2026-02-10T01:53:26.082727+00:00
4,,101,mixed,,pending,synthetic donation seed,2026-02-26T11:53:26.082738+00:00
1,3,75,mixed,2025-11-29T01:53:26.082746+00:00,matched,synthetic donation seed,2025-11-28T21:53:26.082746+00:00
4,5,117,rice,2025-11-15T10:53:26.082757+00:00,accepted,synthetic donation seed,2025-11-15T00:53:26.082757+00:00
4,,69,snacks,,pending,synthetic donation seed,2025-12-04T14:53:26.082767+00:00
5,5,26,rice,2026-02-18T04:53:26.082776+00:00,accepted,synthetic donation seed,2026-02-18T01:53:26.082776+00:00
2,,30,rice,,pending,synthetic donation seed,2025-12-08T02:53:26.082787+00:00
5,,16,meals,,pending,synthetic donation seed,2025-11-22T13:53:26.082795+00:00
5,4,105,snacks,2025-12-29T02:53:26.082803+00:00,delivered,synthetic donation seed,2025-12-29T01:53:26.082803+00:00
5,5,77,snacks,,pending,synthetic donation seed,2026-02-14T11:53:26.082814+00:00
5,1,117,bread,2026-02-21T15:53:26.082823+00:00,accepted,synthetic donation seed,2026-02-21T06:53:26.082823+00:00
4,3,27,bread,2025-12-18T01:53:26.082834+00:00,accepted,synthetic donation seed,2025-12-18T00:53:26.082834+00:00
4,2,118,bread,2026-01-13T21:53:26.082844+00:00,picked_up,synthetic donation seed,2026-01-13T14:53:26.082844+00:00
2,1,48,bread,2025-11-11T05:53:26.082855+00:00,delivered,synthetic donation seed,2025-11-11T04:53:26.082855+00:00
3,3,22,bread,2025-12-08T16:53:26.082866+00:00,delivered,synthetic donation seed,2025-12-08T12:53:26.082866+00:00
4,,29,meals,,pending,synthetic donation seed,2025-12-13T13:53:26.082877+00:00
2,4,70,rice,2025-11-14T05:53:26.082885+00:00,picked_up,synthetic donation seed,2025-11-14T04:53:26.082885+00:00
1,3,8,rice,2025-11-26T09:53:26.082896+00:00,matched,synthetic donation seed,2025-11-25T23:53:26.082896+00:00
2,2,51,rice,,pending,synthetic donation seed,2026-01-06T14:53:26.082907+00:00
3,3,8,rice,2025-12-14T23:53:26.082915+00:00,accepted,synthetic donation seed,2025-12-14T12:53:26.082915+00:00
3,4,80,snacks,,pending,synthetic donation seed,2025-11-14T00:53:26.082926+00:00
3,,16,bread,,pending,synthetic donation seed,2025-11-29T17:53:26.082934+00:00
1,,114,rice,,pending,synthetic donation seed,2025-11-26T09:53:26.082942+00:00
2,,6,meals,,pending,synthetic donation seed,2026-03-02T18:53:26.082951+00:00
2,2,108,bread,,pending,synthetic donation seed,2026-01-31T20:53:26.082959+00:00
3,4,64,bread,2026-01-06T11:53:26.082967+00:00,delivered,synthetic donation seed,2026-01-06T07:53:26.082967+00:00
5,5,112,bread,,pending,synthetic donation seed,2025-12-29T18:53:26.082986+00:00
5,5,48,bread,2026-02-20T02:53:26.082994+00:00,matched,synthetic donation seed,2026-02-20T00:53:26.082994+00:00
3,,43,rice,,pending,synthetic donation seed,2025-11-10T19:53:26.083005+00:00
2,5,89,bread,2025-11-22T03:53:26.083013+00:00,delivered,synthetic donation seed,2025-11-21T20:53:26.083013+00:00
2,1,54,mixed,2026-01-31T09:53:26.083025+00:00,delivered,synthetic donation seed,2026-01-31T02:53:26.083025+00:00
5,5,73,meals,2025-12-04T19:53:26.083036+00:00,matched,synthetic donation seed,2025-12-04T08:53:26.083036+00:00
3,,28,bread,,pending,synthetic donation seed,2025-12-10T22:53:26.083047+00:00
1,,102,rice,,pending,synthetic donation seed,2025-11-21T22:53:26.083055+00:00
3,,58,bread,,pending,synthetic donation seed,2025-11-14T06:53:26.083064+00:00
3,3,115,snacks,2026-02-18T01:53:26.083073+00:00,accepted,synthetic donation seed,2026-02-18T00:53:26.083073+00:00
5,,116,meals,,pending,synthetic donation seed,2025-12-31T12:53:26.083084+00:00
5,3,48,meals,2026-02-14T15:53:26.083092+00:00,delivered,synthetic donation seed,2026-02-14T11:53:26.083092+00:00
5,,67,bread,,pending,synthetic donation seed,2026-02-10T13:53:26.083103+00:00
2,3,102,rice,,pending,synthetic donation seed,2026-01-29T09:53:26.083111+00:00
5,2,60,meals,2026-02-22T21:53:26.083120+00:00,picked_up,synthetic donation seed,2026-02-22T11:53:26.083120+00:00
4,4,98,bread,2026-03-01T02:53:26.083130+00:00,matched,synthetic donation seed,2026-02-28T22:53:26.083130+00:00
1,3,85,rice,2026-03-02T19:53:26.083141+00:00,accepted,synthetic donation seed,2026-03-02T18:53:26.083141+00:00
2,,44,rice,,pending,synthetic donation seed,2025-12-30T21:53:26.083152+00:00
1,,81,snacks,,pending,synthetic donation seed,2025-12-01T23:53:26.083191+00:00
3,4,101,rice,2026-01-21T06:53:26.083204+00:00,delivered,synthetic donation seed,2026-01-21T00:53:26.083204+00:00
2,,98,mixed,,pending,synthetic donation seed,2026-02-17T09:53:26.083217+00:00
5,,53,bread,,pending,synthetic donation seed,2025-12-12T14:53:26.083226+00:00
5,,88,mixed,,pending,synthetic donation seed,2025-12-11T12:53:26.083235+00:00
1,1,94,rice,2025-12-25T15:53:26.083243+00:00,matched,synthetic donation seed,2025-12-25T07:53:26.083243+00:00
2,,39,snacks,,pending,synthetic donation seed,2025-12-10T23:53:26.083254+00:00
5,2,20,bread,2025-12-30T02:53:26.083263+00:00,delivered,synthetic donation seed,2025-12-29T16:53:26.083263+00:00
1,1,30,bread,2025-11-26T16:53:26.083274+00:00,accepted,synthetic donation seed,2025-11-26T07:53:26.083274+00:00
4,,93,meals,,pending,synthetic donation seed,2025-11-09T09:53:26.083285+00:00
3,,111,snacks,,pending,synthetic donation seed,2025-11-09T12:53:26.083293+00:00
4,2,17,bread,2026-02-24T04:53:26.083301+00:00,picked_up,synthetic donation seed,2026-02-23T16:53:26.083301+00:00
2,4,109,rice,2026-01-05T16:53:26.083312+00:00,matched,synthetic donation seed,2026-01-05T14:53:26.083312+00:00
1,3,17,mixed,2026-01-09T18:53:26.083323+00:00,picked_up,synthetic donation seed,2026-01-09T16:53:26.083323+00:00
1,2,84,bread,,pending,synthetic donation seed,2026-01-19T01:53:26.083335+00:00
1,3,63,bread,,pending,synthetic donation seed,2026-01-13T03:53:26.083343+00:00
4,4,21,mixed,2025-11-23T12:53:26.083352+00:00,accepted,synthetic donation seed,2025-11-23T10:53:26.083352+00:00
2,1,61,rice,2025-11-23T08:53:26.083363+00:00,accepted,synthetic donation seed,2025-11-22T21:53:26.083363+00:00
5,4,119,rice,2025-11-15T06:53:26.083374+00:00,accepted,synthetic donation seed,2025-11-14T18:53:26.083374+00:00
4,,38,bread,,pending,synthetic donation seed,2026-02-28T13:53:26.083385+00:00
1,5,116,bread,2025-12-23T19:53:26.083394+00:00,accepted,synthetic donation seed,2025-12-23T08:53:26.083394+00:00
5,5,36,meals,2026-01-09T06:53:26.083405+00:00,accepted,synthetic donation seed,2026-01-08T18:53:26.083405+00:00
3,,11,mixed,,pending,synthetic donation seed,2025-11-10T20:53:26.083415+00:00
2,5,101,meals,2025-11-14T12:53:26.083424+00:00,delivered,synthetic donation seed,2025-11-14T10:53:26.083424+00:00
3,,75,meals,,pending,synthetic donation seed,2025-12-31T08:53:26.083434+00:00
4,,16,meals,,pending,synthetic donation seed,2025-12-22T01:53:26.083443+00:00
4,,18,meals,,pending,synthetic donation seed,2025-12-12T15:53:26.083451+00:00
4,1,84,bread,,pending,synthetic donation seed,2026-02-21T20:53:26.083459+00:00
5,,110,mixed,,pending,synthetic donation seed,2026-01-21T04:53:26.083468+00:00
2,,96,bread,,pending,synthetic donation seed,2025-12-19T00:53:26.083476+00:00
4,,50,bread,,pending,synthetic donation seed,2026-03-05T05:53:26.083484+00:00
5,5,68,rice,,pending,synthetic donation seed,2025-11-11T10:53:26.083493+00:00
4,,32,meals,,pending,synthetic donation seed,2026-02-18T03:53:26.083503+00:00
2,,112,snacks,,pending,synthetic donation seed,2025-11-06T19:53:26.083511+00:00
1,4,5,snacks,2025-12-31T19:53:26.083520+00:00,accepted,synthetic donation seed,2025-12-31T11:53:26.083520+00:00
1,5,93,snacks,2026-01-03T02:53:26.083531+00:00,delivered,synthetic donation seed,2026-01-02T23:53:26.083531+00:00
2,,69,meals,,pending,synthetic donation seed,2025-12-18T05:53:26.083542+00:00
4,5,42,meals,2026-01-29T09:53:26.083550+00:00,picked_up,synthetic donation seed,2026-01-29T03:53:26.083550+00:00
2,2,112,snacks,2025-11-30T04:53:26.083561+00:00,picked_up,synthetic donation seed,2025-11-29T23:53:26.083561+00:00
3,5,42,bread,,pending,synthetic donation seed,2025-12-15T17:53:26.083572+00:00
2,2,102,bread,2026-01-22T19:53:26.083581+00:00,picked_up,synthetic donation seed,2026-01-22T17:53:26.083581+00:00
5,4,100,snacks,2025-12-05T13:53:26.083591+00:00,delivered,synthetic donation seed,2025-12-05T02:53:26.083591+00:00
3,4,11,mixed,2026-03-02T06:53:26.083602+00:00,accepted,synthetic donation seed,2026-03-02T03:53:26.083602+00:00
2,3,37,rice,,pending,synthetic donation seed,2026-01-27T18:53:26.083613+00:00
1,,18,snacks,,pending,synthetic donation seed,2026-01-19T01:53:26.083622+00:00
5,2,41,mixed,2026-02-03T11:53:26.083630+00:00,accepted,synthetic donation seed,2026-02-02T23:53:26.083630+00:00
4,4,11,mixed,2025-12-08T14:53:26.083641+00:00,picked_up,synthetic donation seed,2025-12-08T05:53:26.083641+00:00
3,2,86,bread,2025-11-14T05:53:26.083661+00:00,picked_up,synthetic donation seed,2025-11-14T01:53:26.083661+00:00
5,5,42,meals,,pending,synthetic donation seed,2025-12-03T09:53:26.083733+00:00
2,,53,mixed,,pending,synthetic donation seed,2025-12-30T12:53:26.083757+00:00
4,3,5,bread,,pending,synthetic donation seed,2025-12-21T07:53:26.083773+00:00
4,,104,snacks,,pending,synthetic donation seed,2025-12-19T14:53:26.083787+00:00
3,4,72,rice,2026-02-23T23:53:26.083800+00:00,accepted,synthetic donation seed,2026-02-23T17:53:26.083800+00:00
2,,73,meals,,pending,synthetic donation seed,2026-01-10T22:53:26.083816+00:00
1,,51,bread,,pending,synthetic donation seed,2026-01-22T05:53:26.083829+00:00
2,5,19,bread,2025-11-19T20:53:26.083840+00:00,delivered,synthetic donation seed,2025-11-19T19:53:26.083840+00:00
4,2,92,bread,2025-12-16T09:53:26.083855+00:00,accepted,synthetic donation seed,2025-12-16T08:53:26.083855+00:00
4,1,110,bread,2026-01-29T00:53:26.083871+00:00,accepted,synthetic donation seed,2026-01-28T15:53:26.083871+00:00
5,5,29,bread,,pending,synthetic donation seed,2025-11-10T19:53:26.083885+00:00
5,1,73,mixed,,pending,synthetic donation seed,2025-11-26T22:53:26.083897+00:00
1,2,111,mixed,2025-11-15T01:53:26.083908+00:00,picked_up,synthetic donation seed,2025-11-14T18:53:26.083908+00:00
2,5,109,mixed,2025-12-01T13:53:26.083922+00:00,delivered,synthetic donation seed,2025-12-01T02:53:26.083922+00:00
2,1,27,bread,2026-02-22T14:53:26.083937+00:00,matched,synthetic donation seed,2026-02-22T13:53:26.083937+00:00
5,1,54,meals,,pending,synthetic donation seed,2026-01-31T02:53:26.083951+00:00
4,,5,snacks,,pending,synthetic donation seed,2026-02-17T22:53:26.083962+00:00
1,,18,bread,,pending,synthetic donation seed,2026-01-18T23:53:26.083975+00:00
3,,55,mixed,,pending,synthetic donation seed,2026-01-08T03:53:26.083985+00:00
4,2,42,rice,,pending,synthetic donation seed,2026-01-13T22:53:26.083996+00:00
3,3,23,mixed,,pending,synthetic donation seed,2025-11-13T22:53:26.084007+00:00
1,1,31,bread,2025-12-25T18:53:26.084017+00:00,matched,synthetic donation seed,2025-12-25T13:53:26.084017+00:00
2,4,33,snacks,2026-02-15T13:53:26.084031+00:00,delivered,synthetic donation seed,2026-02-15T10:53:26.084031+00:00
3,,113,snacks,,pending,synthetic donation seed,2025-12-23T14:53:26.084045+00:00
4,,30,snacks,,pending,synthetic donation seed,2026-02-01T12:53:26.084057+00:00
4,3,84,mixed,2026-02-03T17:53:26.084068+00:00,picked_up,synthetic donation seed,2026-02-03T12:53:26.084068+00:00
2,3,79,rice,2025-12-11T18:53:26.084082+00:00,matched,synthetic donation seed,2025-12-11T06:53:26.084082+00:00
5,5,45,rice,2026-01-10T11:53:26.084101+00:00,matched,synthetic donation seed,2026-01-10T10:53:26.084101+00:00
2,,47,meals,,pending,synthetic donation seed,2025-12-08T16:53:26.084115+00:00
4,4,87,snacks,2025-12-25T15:53:26.084126+00:00,matched,synthetic donation seed,2025-12-25T12:53:26.084126+00:00
1,3,38,mixed,,pending,synthetic donation seed,2025-12-27T09:53:26.084140+00:00
1,1,56,snacks,2025-11-21T07:53:26.084151+00:00,accepted,synthetic donation seed,2025-11-20T21:53:26.084151+00:00
2,1,104,rice,2025-12-26T11:53:26.084164+00:00,accepted,synthetic donation seed,2025-12-26T00:53:26.084164+00:00
3,,22,meals,,pending,synthetic donation seed,2025-12-02T06:53:26.084178+00:00
5,,35,snacks,,pending,synthetic donation seed,2026-03-03T18:53:26.084189+00:00
2,,89,rice,,pending,synthetic donation seed,2025-12-22T21:53:26.084200+00:00
4,,38,bread,,pending,synthetic donation seed,2026-02-04T13:53:26.084210+00:00
2,1,65,meals,2025-11-24T11:53:26.084221+00:00,accepted,synthetic donation seed,2025-11-24T04:53:26.084221+00:00
1,1,111,bread,2025-12-05T10:53:26.084234+00:00,matched,synthetic donation seed,2025-12-04T23:53:26.084234+00:00
3,5,51,snacks,,pending,synthetic donation seed,2025-12-12T03:53:26.084284+00:00
1,,56,bread,,pending,synthetic donation seed,2026-02-04T23:53:26.084300+00:00
3,4,61,rice,2026-03-05T02:53:26.084312+00:00,delivered,synthetic donation seed,2026-03-04T23:53:26.084312+00:00
2,1,51,snacks,2026-02-14T13:53:26.084329+00:00,matched,synthetic donation seed,2026-02-14T10:53:26.084329+00:00
1,2,66,meals,2026-02-19T11:53:26.084344+00:00,matched,synthetic donation seed,2026-02-19T00:53:26.084344+00:00
2,,10,rice,,pending,synthetic donation seed,2026-03-03T08:53:26.084358+00:00
5,,23,mixed,,pending,synthetic donation seed,2026-02-27T21:53:26.084369+00:00
2,3,86,mixed,2026-01-13T06:53:26.084380+00:00,accepted,synthetic donation seed,2026-01-12T20:53:26.084380+00:00
3,,26,rice,,pending,synthetic donation seed,2026-01-04T00:53:26.084397+00:00
4,,84,snacks,,pending,synthetic donation seed,2025-11-27T10:53:26.084408+00:00
3,2,13,rice,2026-01-06T06:53:26.084419+00:00,matched,synthetic donation seed,2026-01-05T20:53:26.084419+00:00
4,,92,meals,,pending,synthetic donation seed,2025-12-28T23:53:26.084433+00:00
2,,9,snacks,,pending,synthetic donation seed,2025-12-16T20:53:26.084444+00:00
5,,74,mixed,,pending,synthetic donation seed,2025-11-09T20:53:26.084454+00:00
4,5,34,meals,2025-12-06T06:53:26.084464+00:00,delivered,synthetic donation seed,2025-12-05T23:53:26.084464+00:00
4,3,17,meals,2025-11-28T03:53:26.084478+00:00,picked_up,synthetic donation seed,2025-11-27T17:53:26.084478+00:00
2,3,41,snacks,,pending,synthetic donation seed,2025-11-16T13:53:26.084492+00:00
5,,78,snacks,,pending,synthetic donation seed,2025-11-30T15:53:26.084502+00:00
1,,57,bread,,pending,synthetic donation seed,2025-12-07T05:53:26.084513+00:00
1,2,77,bread,2026-01-31T05:53:26.084523+00:00,accepted,synthetic donation seed,2026-01-30T22:53:26.084523+00:00
5,3,105,snacks,2026-02-07T11:53:26.084537+00:00,matched,synthetic donation seed,2026-02-07T02:53:26.084537+00:00
4,2,49,meals,2026-02-01T16:53:26.084551+00:00,accepted,synthetic donation seed,2026-02-01T06:53:26.084551+00:00
2,1,32,snacks,2025-12-06T12:53:26.084566+00:00,matched,synthetic donation seed,2025-12-06T10:53:26.084566+00:00
4,3,25,meals,2025-12-07T18:53:26.084579+00:00,accepted,synthetic donation seed,2025-12-07T17:53:26.084579+00:00
1,1,13,bread,2025-12-19T04:53:26.084592+00:00,accepted,synthetic donation seed,2025-12-19T02:53:26.084592+00:00
2,,83,snacks,,pending,synthetic donation seed,2026-01-15T03:53:26.084606+00:00
3,,68,meals,,pending,synthetic donation seed,2026-02-10T19:53:26.084616+00:00
1,2,9,snacks,2025-12-29T10:53:26.084627+00:00,delivered,synthetic donation seed,2025-12-29T06:53:26.084627+00:00
5,5,35,mixed,2025-12-09T20:53:26.084640+00:00,accepted,synthetic donation seed,2025-12-09T14:53:26.084640+00:00
2,1,56,snacks,2026-01-19T01:53:26.084653+00:00,picked_up,synthetic donation seed,2026-01-18T18:53:26.084653+00:00
2,,75,bread,,pending,synthetic donation seed,2025-11-08T13:53:26.084667+00:00
5,,82,rice,,pending,synthetic donation seed,2026-01-29T08:53:26.084677+00:00
4,4,76,mixed,2026-01-12T01:53:26.084687+00:00,matched,synthetic donation seed,2026-01-11T23:53:26.084687+00:00
5,,117,snacks,,pending,synthetic donation seed,2025-12-30T07:53:26.084701+00:00
5,3,101,bread,2025-12-23T04:53:26.084712+00:00,delivered,synthetic donation seed,2025-12-23T00:53:26.084712+00:00
4,4,13,meals,2026-01-03T17:53:26.084725+00:00,delivered,synthetic donation seed,2026-01-03T12:53:26.084725+00:00
2,2,6,bread,2026-01-19T08:53:26.084738+00:00,matched,synthetic donation seed,2026-01-18T23:53:26.084738+00:00
2,,14,snacks,,pending,synthetic donation seed,2025-11-20T05:53:26.084749+00:00
2,,28,rice,,pending,synthetic donation seed,2025-12-22T07:53:26.084757+00:00
4,,34,rice,,pending,synthetic donation seed,2026-01-31T09:53:26.084765+00:00
2,5,89,meals,2026-02-19T00:53:26.084773+00:00,picked_up,synthetic donation seed,2026-02-18T13:53:26.084773+00:00
5,1,84,bread,2026-02-28T06:53:26.084784+00:00,accepted,synthetic donation seed,2026-02-28T00:53:26.084784+00:00
4,5,55,rice,2025-11-28T04:53:26.084795+00:00,accepted,synthetic donation seed,2025-11-27T23:53:26.084795+00:00
5,,9,snacks,,pending,synthetic donation seed,2026-01-02T22:53:26.084806+00:00
3,4,71,meals,2026-01-07T00:53:26.084814+00:00,picked_up,synthetic donation seed,2026-01-06T12:53:26.084814+00:00
3,,46,bread,,pending,synthetic donation seed,2025-12-21T12:53:26.084824+00:00
5,,83,bread,,pending,synthetic donation seed,2026-01-30T00:53:26.084833+00:00
3,2,51,meals,,pending,synthetic donation seed,2025-12-06T04:53:26.084841+00:00
3,,34,mixed,,pending,synthetic donation seed,2025-12-21T18:53:26.084849+00:00
3,2,24,meals,2026-02-08T23:53:26.084857+00:00,delivered,synthetic donation seed,2026-02-08T11:53:26.084857+00:00
1,2,71,snacks,,pending,synthetic donation seed,2025-11-10T19:53:26.084868+00:00
3,,55,mixed,,pending,synthetic donation seed,2025-12-23T14:53:26.084877+00:00
2,,17,meals,,pending,synthetic donation seed,2025-11-17T19:53:26.084885+00:00
3,3,7,meals,2025-11-06T13:53:26.084893+00:00,accepted,synthetic donation seed,2025-11-06T07:53:26.084893+00:00
1,3,88,snacks,2026-02-08T07:53:26.084904+00:00,delivered,synthetic donation seed,2026-02-07T21:53:26.084904+00:00
2,3,118,mixed,2026-01-02T00:53:26.084915+00:00,picked_up,synthetic donation seed,2026-01-01T16:53:26.084915+00:00
4,,86,bread,,pending,synthetic donation seed,2026-02-15T10:53:26.084926+00:00
4,5,48,rice,2026-02-24T16:53:26.084934+00:00,delivered,synthetic donation seed,2026-02-24T13:53:26.084934+00:00
3,3,39,meals,2025-12-18T02:53:26.084945+00:00,picked_up,synthetic donation seed,2025-12-17T19:53:26.084945+00:00
3,5,21,rice,2026-02-12T11:53:26.084956+00:00,accepted,synthetic donation seed,2026-02-12T10:53:26.084956+00:00
3,,117,meals,,pending,synthetic donation seed,2026-02-21T13:53:26.084967+00:00
5,,18,bread,,pending,synthetic donation seed,2025-11-28T13:53:26.084975+00:00
5,,34,rice,,pending,synthetic donation seed,2026-01-15T06:53:26.084984+00:00
3,4,8,mixed,,pending,synthetic donation seed,2025-11-18T10:53:26.084992+00:00
3,3,75,meals,2025-11-14T03:53:26.085001+00:00,accepted,synthetic donation seed,2025-11-13T22:53:26.085001+00:00
2,,86,snacks,,pending,synthetic donation seed,2025-12-14T16:53:26.085012+00:00
4,5,74,rice,2025-11-09T12:53:26.085020+00:00,accepted,synthetic donation seed,2025-11-09T04:53:26.085020+00:00
1,,6,mixed,,pending,synthetic donation seed,2026-02-14T06:53:26.085031+00:00
5,,67,meals,,pending,synthetic donation seed,2026-03-03T17:53:26.085040+00:00
3,1,75,bread,2025-12-19T09:53:26.085048+00:00,picked_up,synthetic donation seed,2025-12-19T08:53:26.085048+00:00
2,4,99,meals,2026-02-02T22:53:26.085059+00:00,matched,synthetic donation seed,2026-02-02T10:53:26.085059+00:00
4,,102,snacks,,pending,synthetic donation seed,2026-02-02T23:53:26.085070+00:00
3,3,114,mixed,2026-01-30T06:53:26.085079+00:00,accepted,synthetic donation seed,2026-01-30T02:53:26.085079+00:00
2,,39,snacks,,pending,synthetic donation seed,2025-12-16T01:53:26.085090+00:00
4,,28,mixed,,pending,synthetic donation seed,2025-12-27T15:53:26.085098+00:00
3,,16,rice,,pending,synthetic donation seed,2026-03-04T08:53:26.085106+00:00
1,,52,meals,,pending,synthetic donation seed,2025-11-25T00:53:26.085115+00:00
1,,39,meals,,pending,synthetic donation seed,2026-02-15T14:53:26.085125+00:00
1,5,109,meals,,pending,synthetic donation seed,2025-11-18T07:53:26.085133+00:00
1,1,99,mixed,2026-01-15T05:53:26.085141+00:00,picked_up,synthetic donation seed,2026-01-15T01:53:26.085141+00:00
2,4,65,meals,,pending,synthetic donation seed,2025-12-10T09:53:26.085152+00:00
3,,71,mixed,,pending,synthetic donation seed,2025-11-29T22:53:26.085161+00:00
3,4,115,rice,,pending,synthetic donation seed,2025-11-12T14:53:26.085169+00:00
1,2,20,meals,2026-02-12T17:53:26.085177+00:00,matched,synthetic donation seed,2026-02-12T07:53:26.085177+00:00
2,1,81,rice,2025-12-07T12:53:26.085188+00:00,accepted,synthetic donation seed,2025-12-07T00:53:26.085188+00:00
3,,48,mixed,,pending,synthetic donation seed,2025-12-07T20:53:26.085198+00:00
1,3,67,rice,2025-11-24T15:53:26.085207+00:00,picked_up,synthetic donation seed,2025-11-24T12:53:26.085207+00:00
3,5,29,mixed,2025-11-22T13:53:26.085246+00:00,picked_up,synthetic donation seed,2025-11-22T01:53:26.085246+00:00
4,3,61,snacks,2026-02-28T12:53:26.085260+00:00,matched,synthetic donation seed,2026-02-28T00:53:26.085260+00:00
3,5,49,bread,,pending,synthetic donation seed,2026-02-09T22:53:26.085271+00:00
4,3,13,snacks,2025-11-15T01:53:26.085280+00:00,accepted,synthetic donation seed,2025-11-14T22:53:26.085280+00:00
2,,5,snacks,,pending,synthetic donation seed,2026-01-18T01:53:26.085291+00:00
4,2,46,mixed,2026-01-18T00:53:26.085300+00:00,accepted,synthetic donation seed,2026-01-17T20:53:26.085300+00:00
5,,24,snacks,,pending,synthetic donation seed,2025-11-26T22:53:26.085311+00:00
3,3,13,mixed,2026-02-21T10:53:26.085320+00:00,matched,synthetic donation seed,2026-02-20T23:53:26.085320+00:00
2,2,17,mixed,,pending,synthetic donation seed,2026-01-02T09:53:26.085330+00:00
5,4,11,bread,2025-12-06T02:53:26.085339+00:00,accepted,synthetic donation seed,2025-12-05T21:53:26.085339+00:00
2,5,88,meals,,pending,synthetic donation seed,2025-11-08T09:53:26.085350+00:00
1,4,118,meals,,pending,synthetic donation seed,2025-12-23T16:53:26.085358+00:00
3,1,111,bread,2026-02-27T18:53:26.085366+00:00,matched,synthetic donation seed,2026-02-27T16:53:26.085366+00:00
1,2,73,meals,,pending,synthetic donation seed,2025-12-03T08:53:26.085377+00:00
2,2,76,snacks,,pending,synthetic donation seed,2025-12-15T10:53:26.085385+00:00
4,1,90,meals,2025-12-09T13:53:26.085394+00:00,accepted,synthetic donation seed,2025-12-09T01:53:26.085394+00:00
1,2,25,snacks,2025-12-31T16:53:26.085404+00:00,accepted,synthetic donation seed,2025-12-31T05:53:26.085404+00:00
5,4,57,meals,2025-12-25T11:53:26.085415+00:00,delivered,synthetic donation seed,2025-12-25T05:53:26.085415+00:00
3,,100,bread,,pending,synthetic donation seed,2026-01-15T22:53:26.085427+00:00
3,4,81,mixed,2025-12-03T19:53:26.085445+00:00,matched,synthetic donation seed,2025-12-03T14:53:26.085445+00:00
5,2,114,bread,2026-01-26T12:53:26.085457+00:00,matched,synthetic donation seed,2026-01-26T08:53:26.085457+00:00
1,3,17,mixed,2025-12-22T00:53:26.085468+00:00,accepted,synthetic donation seed,2025-12-21T21:53:26.085468+00:00
4,,36,rice,,pending,synthetic donation seed,2025-11-11T21:53:26.085479+00:00
3,,98,mixed,,pending,synthetic donation seed,2025-11-08T09:53:26.085487+00:00
3,,78,mixed,,pending,synthetic donation seed,2025-12-06T17:53:26.085496+00:00
5,,104,mixed,,pending,synthetic donation seed,2026-01-16T13:53:26.085505+00:00
3,3,100,snacks,2025-11-06T16:53:26.085513+00:00,matched,synthetic donation seed,2025-11-06T12:53:26.085513+00:00
1,,77,rice,,pending,synthetic donation seed,2026-01-23T22:53:26.085524+00:00
3,5,55,meals,,pending,synthetic donation seed,2025-12-08T16:53:26.085533+00:00
5,5,23,rice,,pending,synthetic donation seed,2026-01-27T03:53:26.085541+00:00
3,1,15,meals,2025-12-25T08:53:26.085550+00:00,picked_up,synthetic donation seed,2025-12-25T03:53:26.085550+00:00
5,4,76,rice,,pending,synthetic donation seed,2026-02-16T00:53:26.085560+00:00
4,4,72,rice,,pending,synthetic donation seed,2025-12-16T16:53:26.085569+00:00
2,,16,mixed,,pending,synthetic donation seed,2025-12-07T21:53:26.085577+00:00
4,4,88,mixed,,pending,synthetic donation seed,2026-01-19T20:53:26.085586+00:00
3,2,23,meals,2025-11-23T11:53:26.085594+00:00,accepted,synthetic donation seed,2025-11-23T01:53:26.085594+00:00
1,,114,mixed,,pending,synthetic donation seed,2025-11-28T16:53:26.085605+00:00
1,,6,bread,,pending,synthetic donation seed,2026-02-15T06:53:26.085613+00:00
1,3,73,rice,,pending,synthetic donation seed,2026-02-06T16:53:26.085622+00:00
2,5,23,mixed,2026-01-03T08:53:26.085630+00:00,matched,synthetic donation seed,2026-01-02T20:53:26.085630+00:00
4,5,41,rice,2026-02-01T11:53:26.085641+00:00,accepted,synthetic donation seed,2026-02-01T10:53:26.085641+00:00
5,,54,bread,,pending,synthetic donation seed,2026-03-04T13:53:26.085652+00:00
3,,34,meals,,pending,synthetic donation seed,2025-12-12T03:53:26.085660+00:00
5,1,28,rice,2025-12-19T00:53:26.085668+00:00,accepted,synthetic donation seed,2025-12-18T22:53:26.085668+00:00
5,4,44,bread,2026-02-28T17:53:26.085679+00:00,picked_up,synthetic donation seed,2026-02-28T08:53:26.085679+00:00
4,4,50,bread,,pending,synthetic donation seed,2025-12-08T04:53:26.085690+00:00
2,,118,mixed,,pending,synthetic donation seed,2026-02-01T03:53:26.085698+00:00
5,,22,mixed,,pending,synthetic donation seed,2026-01-13T18:53:26.085707+00:00
4,5,58,rice,2025-12-14T22:53:26.085715+00:00,accepted,synthetic donation seed,2025-12-14T18:53:26.085715+00:00
5,2,74,rice,2025-12-18T13:53:26.085726+00:00,matched,synthetic donation seed,2025-12-18T05:53:26.085726+00:00
2,2,93,snacks,2026-02-08T16:53:26.085737+00:00,picked_up,synthetic donation seed,2026-02-08T11:53:26.085737+00:00
2,4,25,bread,2026-02-15T05:53:26.085748+00:00,delivered,synthetic donation seed,2026-02-14T19:53:26.085748+00:00
1,5,98,mixed,2026-02-10T08:53:26.085759+00:00,picked_up,synthetic donation seed,2026-02-10T05:53:26.085759+00:00
3,4,40,rice,2025-11-30T07:53:26.085770+00:00,matched,synthetic donation seed,2025-11-29T19:53:26.085770+00:00
2,,39,snacks,,pending,synthetic donation seed,2025-12-16T20:53:26.085780+00:00
5,,50,mixed,,pending,synthetic donation seed,2025-12-08T15:53:26.085788+00:00
4,2,28,meals,2025-12-04T01:53:26.085797+00:00,accepted,synthetic donation seed,2025-12-03T19:53:26.085797+00:00
4,,102,mixed,,pending,synthetic donation seed,2026-03-01T02:53:26.085807+00:00
3,,13,rice,,pending,synthetic donation seed,2026-02-08T09:53:26.085815+00:00
4,5,56,mixed,2026-01-06T15:53:26.085824+00:00,matched,synthetic donation seed,2026-01-06T08:53:26.085824+00:00
5,4,81,snacks,2025-11-05T02:53:26.085835+00:00,matched,synthetic donation seed,2025-11-04T16:53:26.085835+00:00
5,1,71,snacks,2025-11-20T18:53:26.085846+00:00,accepted,synthetic donation seed,2025-11-20T14:53:26.085846+00:00
4,1,42,meals,2025-12-15T18:53:26.085857+00:00,accepted,synthetic donation seed,2025-12-15T14:53:26.085857+00:00
4,3,83,mixed,2026-02-12T07:53:26.085867+00:00,matched,synthetic donation seed,2026-02-12T02:53:26.085867+00:00
5,2,19,rice,2026-02-22T01:53:26.085878+00:00,accepted,synthetic donation seed,2026-02-21T16:53:26.085878+00:00
5,,27,meals,,pending,synthetic donation seed,2026-01-07T15:53:26.085889+00:00
5,2,88,rice,,pending,synthetic donation seed,2026-01-22T17:53:26.085898+00:00
1,,72,meals,,pending,synthetic donation seed,2026-01-18T13:53:26.085906+00:00
5,5,47,snacks,2026-01-16T17:53:26.085914+00:00,matched,synthetic donation seed,2026-01-16T14:53:26.085914+00:00
2,2,58,bread,,pending,synthetic donation seed,2025-12-04T14:53:26.085925+00:00
3,,30,mixed,,pending,synthetic donation seed,2025-11-10T11:53:26.085933+00:00
5,,108,mixed,,pending,synthetic donation seed,2025-12-31T22:53:26.085942+00:00
5,,57,meals,,pending,synthetic donation seed,2026-01-04T01:53:26.085950+00:00
1,5,84,snacks,,pending,synthetic donation seed,2025-12-25T07:53:26.085958+00:00
2,,23,mixed,,pending,synthetic donation seed,2026-01-20T14:53:26.085966+00:00
5,,58,rice,,pending,synthetic donation seed,2026-02-27T12:53:26.085974+00:00
2,3,27,meals,2025-12-19T06:53:26.085983+00:00,picked_up,synthetic donation seed,2025-12-18T21:53:26.085983+00:00
5,3,52,meals,,pending,synthetic donation seed,2026-01-26T05:53:26.085995+00:00
1,4,20,bread,,pending,synthetic donation seed,2026-01-04T11:53:26.086003+00:00
3,5,12,mixed,,pending,synthetic donation seed,2026-02-06T20:53:26.086011+00:00
5,5,41,meals,2025-12-07T08:53:26.086019+00:00,accepted,synthetic donation seed,2025-12-06T20:53:26.086019+00:00
5,,21,snacks,,pending,synthetic donation seed,2025-12-16T04:53:26.086031+00:00
5,4,34,bread,2026-01-01T20:53:26.086040+00:00,accepted,synthetic donation seed,2026-01-01T10:53:26.086040+00:00
2,,99,rice,,pending,synthetic donation seed,2025-11-24T12:53:26.086051+00:00
5,4,6,rice,2025-12-23T23:53:26.086060+00:00,matched,synthetic donation seed,2025-12-23T19:53:26.086060+00:00
3,3,103,mixed,2025-12-31T04:53:26.086071+00:00,matched,synthetic donation seed,2025-12-30T22:53:26.086071+00:00
1,,111,rice,,pending,synthetic donation seed,2025-12-17T15:53:26.086081+00:00
2,3,87,rice,2026-01-03T01:53:26.086109+00:00,delivered,synthetic donation seed,2026-01-03T00:53:26.086109+00:00
4,2,105,meals,2025-12-27T13:53:26.086122+00:00,delivered,synthetic donation seed,2025-12-27T05:53:26.086122+00:00
1,,73,mixed,,pending,synthetic donation seed,2026-01-23T22:53:26.086134+00:00
2,5,24,bread,2025-11-12T06:53:26.086143+00:00,picked_up,synthetic donation seed,2025-11-12T04:53:26.086143+00:00
1,3,82,meals,2025-11-18T20:53:26.086154+00:00,accepted,synthetic donation seed,2025-11-18T10:53:26.086154+00:00
2,,114,bread,,pending,synthetic donation seed,2026-01-24T17:53:26.086165+00:00
1,3,111,bread,2026-02-03T12:53:26.086173+00:00,accepted,synthetic donation seed,2026-02-03T04:53:26.086173+00:00
2,,104,rice,,pending,synthetic donation seed,2025-11-25T14:53:26.086184+00:00
1,4,29,bread,2025-11-10T02:53:26.086192+00:00,picked_up,synthetic donation seed,2025-11-09T23:53:26.086192+00:00
4,,110,snacks,,pending,synthetic donation seed,2025-11-27T12:53:26.086203+00:00
2,2,5,bread,2025-12-04T01:53:26.086212+00:00,accepted,synthetic donation seed,2025-12-03T23:53:26.086212+00:00
1,5,71,bread,2025-11-12T16:53:26.086223+00:00,matched,synthetic donation seed,2025-11-12T14:53:26.086223+00:00
1,5,29,bread,2026-02-07T09:53:26.086234+00:00,accepted,synthetic donation seed,2026-02-07T05:53:26.086234+00:00
3,,24,rice,,pending,synthetic donation seed,2026-02-18T07:53:26.086245+00:00
3,,31,snacks,,pending,synthetic donation seed,2025-12-30T12:53:26.086253+00:00
3,,78,rice,,pending,synthetic donation seed,2025-12-05T06:53:26.086261+00:00
2,,11,rice,,pending,synthetic donation seed,2025-12-26T01:53:26.086270+00:00
1,4,16,meals,,pending,synthetic donation seed,2026-01-15T14:53:26.086278+00:00
4,2,62,snacks,2025-12-15T05:53:26.086286+00:00,delivered,synthetic donation seed,2025-12-14T17:53:26.086286+00:00
3,,108,snacks,,pending,synthetic donation seed,2025-11-27T18:53:26.086297+00:00
1,4,64,mixed,,pending,synthetic donation seed,2025-11-22T17:53:26.086306+00:00
4,3,33,rice,2026-01-05T04:53:26.086314+00:00,picked_up,synthetic donation seed,2026-01-05T00:53:26.086314+00:00
5,3,105,bread,2025-12-06T00:53:26.086325+00:00,matched,synthetic donation seed,2025-12-05T18:53:26.086325+00:00
4,,64,rice,,pending,synthetic donation seed,2026-01-20T00:53:26.086336+00:00
3,3,109,mixed,,pending,synthetic donation seed,2026-02-20T03:53:26.086344+00:00
3,5,80,meals,2025-12-27T08:53:26.086352+00:00,picked_up,synthetic donation seed,2025-12-27T01:53:26.086352+00:00
2,,13,bread,,pending,synthetic donation seed,2026-01-03T03:53:26.086363+00:00
2,5,93,rice,2025-12-23T14:53:26.086372+00:00,delivered,synthetic donation seed,2025-12-23T05:53:26.086372+00:00
2,1,80,snacks,2025-11-18T02:53:26.086382+00:00,picked_up,synthetic donation seed,2025-11-18T00:53:26.086382+00:00
4,3,13,snacks,2026-02-11T13:53:26.086393+00:00,delivered,synthetic donation seed,2026-02-11T06:53:26.086393+00:00
1,5,12,mixed,2026-01-01T06:53:26.086404+00:00,matched,synthetic donation seed,2025-12-31T19:53:26.086404+00:00
2,2,89,rice,2025-12-14T18:53:26.086415+00:00,delivered,synthetic donation seed,2025-12-14T15:53:26.086415+00:00
4,,31,bread,,pending,synthetic donation seed,2026-01-07T09:53:26.086426+00:00
3,5,49,mixed,2025-11-08T14:53:26.086434+00:00,picked_up,synthetic donation seed,2025-11-08T02:53:26.086434+00:00
5,1,12,bread,2025-11-17T16:53:26.086445+00:00,accepted,synthetic donation seed,2025-11-17T11:53:26.086445+00:00
5,,115,bread,,pending,synthetic donation seed,2026-01-19T12:53:26.086456+00:00
1,2,53,meals,2025-12-15T17:53:26.086464+00:00,accepted,synthetic donation seed,2025-12-15T05:53:26.086464+00:00
4,4,76,meals,2026-01-04T15:53:26.086475+00:00,picked_up,synthetic donation seed,2026-01-04T11:53:26.086475+00:00
3,,22,mixed,,pending,synthetic donation seed,2025-12-10T11:53:26.086485+00:00
1,,22,mixed,,pending,synthetic donation seed,2025-12-11T02:53:26.086494+00:00
2,4,84,rice,2025-12-06T03:53:26.086502+00:00,delivered,synthetic donation seed,2025-12-05T20:53:26.086502+00:00
4,5,28,meals,2026-01-15T08:53:26.086513+00:00,delivered,synthetic donation seed,2026-01-15T04:53:26.086513+00:00
5,1,39,meals,2026-02-03T02:53:26.086523+00:00,delivered,synthetic donation seed,2026-02-02T17:53:26.086523+00:00
5,5,52,mixed,2025-12-23T12:53:26.086534+00:00,delivered,synthetic donation seed,2025-12-23T00:53:26.086534+00:00
5,4,72,bread,,pending,synthetic donation seed,2025-12-01T16:53:26.086546+00:00
4,,65,mixed,,pending,synthetic donation seed,2026-02-22T08:53:26.086554+00:00
5,,104,mixed,,pending,synthetic donation seed,2026-01-20T22:53:26.086563+00:00
4,4,50,bread,2025-12-02T12:53:26.086571+00:00,accepted,synthetic donation seed,2025-12-02T05:53:26.086571+00:00
3,,98,snacks,,pending,synthetic donation seed,2025-11-30T06:53:26.086582+00:00
3,1,42,snacks,2025-12-23T01:53:26.086590+00:00,accepted,synthetic donation seed,2025-12-22T14:53:26.086590+00:00
1,3,37,rice,,pending,synthetic donation seed,2026-02-24T07:53:26.086601+00:00
5,,82,rice,,pending,synthetic donation seed,2025-12-01T12:53:26.086609+00:00
5,2,35,meals,2026-02-11T19:53:26.086618+00:00,matched,synthetic donation seed,2026-02-11T07:53:26.086618+00:00
2,5,110,rice,2026-02-23T21:53:26.086629+00:00,matched,synthetic donation seed,2026-02-23T11:53:26.086629+00:00
4,4,86,rice,,pending,synthetic donation seed,2026-01-07T16:53:26.086640+00:00
2,5,11,rice,2025-12-13T09:53:26.086648+00:00,matched,synthetic donation seed,2025-12-13T07:53:26.086648+00:00
4,4,53,meals,2025-11-29T02:53:26.086659+00:00,accepted,synthetic donation seed,2025-11-28T22:53:26.086659+00:00
4,,107,meals,,pending,synthetic donation seed,2026-03-04T06:53:26.086669+00:00
4,3,86,bread,2026-02-28T21:53:26.086678+00:00,picked_up,synthetic donation seed,2026-02-28T12:53:26.086678+00:00
4,5,107,mixed,2026-01-22T12:53:26.086689+00:00,delivered,synthetic donation seed,2026-01-22T07:53:26.086689+00:00
3,5,91,snacks,2025-11-30T20:53:26.086699+00:00,picked_up,synthetic donation seed,2025-11-30T08:53:26.086699+00:00
2,,75,mixed,,pending,synthetic donation seed,2026-02-10T05:53:26.086710+00:00
1,,62,bread,,pending,synthetic donation seed,2026-02-19T18:53:26.086719+00:00
2,,12,snacks,,pending,synthetic donation seed,2025-12-16T13:53:26.086727+00:00
2,5,21,meals,2026-02-18T23:53:26.086735+00:00,picked_up,synthetic donation seed,2026-02-18T13:53:26.086735+00:00
5,2,89,mixed,2026-02-01T14:53:26.086747+00:00,picked_up,synthetic donation seed,2026-02-01T06:53:26.086747+00:00
4,3,25,mixed,2025-12-10T10:53:26.086758+00:00,picked_up,synthetic donation seed,2025-12-10T05:53:26.086758+00:00
3,1,27,meals,2026-02-26T12:53:26.086769+00:00,matched,synthetic donation seed,2026-02-26T07:53:26.086769+00:00
1,4,87,meals,,pending,synthetic donation seed,2026-01-14T10:53:26.086779+00:00
1,2,61,bread,2025-12-16T21:53:26.086788+00:00,matched,synthetic donation seed,2025-12-16T19:53:26.086788+00:00
1,,7,meals,,pending,synthetic donation seed,2026-02-01T01:53:26.086798+00:00
2,1,47,meals,2026-01-30T23:53:26.086807+00:00,picked_up,synthetic donation seed,2026-01-30T11:53:26.086807+00:00
5,1,56,mixed,2026-01-02T07:53:26.086818+00:00,delivered,synthetic donation seed,2026-01-02T00:53:26.086818+00:00
5,,20,snacks,,pending,synthetic donation seed,2025-11-21T00:53:26.086829+00:00
5,,87,mixed,,pending,synthetic donation seed,2026-02-25T19:53:26.086838+00:00
3,5,87,rice,2025-11-18T06:53:26.086846+00:00,matched,synthetic donation seed,2025-11-18T01:53:26.086846+00:00
2,,94,meals,,pending,synthetic donation seed,2026-02-09T06:53:26.086857+00:00
1,3,22,mixed,2026-01-07T20:53:26.086866+00:00,delivered,synthetic donation seed,2026-01-07T16:53:26.086866+00:00
2,1,106,snacks,2026-01-02T05:53:26.086877+00:00,accepted,synthetic donation seed,2026-01-02T03:53:26.086877+00:00
3,4,48,mixed,2026-01-07T16:53:26.086887+00:00,delivered,synthetic donation seed,2026-01-07T15:53:26.086887+00:00
3,1,71,meals,,pending,synthetic donation seed,2025-12-11T18:53:26.086898+00:00
5,2,99,rice,,pending,synthetic donation seed,2026-02-24T14:53:26.086907+00:00
4,1,88,rice,2026-02-28T20:53:26.086915+00:00,delivered,synthetic donation seed,2026-02-28T08:53:26.086915+00:00
1,2,83,rice,2025-11-20T20:53:26.086926+00:00,delivered,synthetic donation seed,2025-11-20T12:53:26.086926+00:00
5,1,107,snacks,,pending,synthetic donation seed,2025-12-31T20:53:26.086949+00:00
2,1,56,bread,2025-11-22T03:53:26.086959+00:00,matched,synthetic donation seed,2025-11-21T16:53:26.086959+00:00
1,5,80,rice,2025-11-24T10:53:26.086970+00:00,matched,synthetic donation seed,2025-11-24T09:53:26.086970+00:00
3,,94,bread,,pending,synthetic donation seed,2026-01-11T10:53:26.086982+00:00
5,2,106,snacks,2026-02-28T13:53:26.086990+00:00,delivered,synthetic donation seed,2026-02-28T11:53:26.086990+00:00
4,,27,mixed,,pending,synthetic donation seed,2026-03-05T15:53:26.087001+00:00
5,3,21,rice,2025-11-27T12:53:26.087010+00:00,delivered,synthetic donation seed,2025-11-27T00:53:26.087010+00:00
2,3,93,mixed,2025-11-05T20:53:26.087022+00:00,matched,synthetic donation seed,2025-11-05T10:53:26.087022+00:00
5,2,49,meals,2026-02-22T00:53:26.087034+00:00,accepted,synthetic donation seed,2026-02-21T19:53:26.087034+00:00
1,,84,bread,,pending,synthetic donation seed,2025-12-28T12:53:26.087045+00:00
5,,40,mixed,,pending,synthetic donation seed,2025-12-11T09:53:26.087054+00:00
2,1,27,rice,2025-11-09T08:53:26.087062+00:00,picked_up,synthetic donation seed,2025-11-09T00:53:26.087062+00:00
1,1,83,meals,2026-01-09T13:53:26.087073+00:00,matched,synthetic donation seed,2026-01-09T07:53:26.087073+00:00
1,1,67,snacks,2026-02-11T11:53:26.087084+00:00,delivered,synthetic donation seed,2026-02-11T10:53:26.087084+00:00
1,1,58,rice,2025-12-20T03:53:26.087095+00:00,picked_up,synthetic donation seed,2025-12-19T21:53:26.087095+00:00
3,2,57,rice,2026-02-21T20:53:26.087106+00:00,matched,synthetic donation seed,2026-02-21T08:53:26.087106+00:00
4,,23,rice,,pending,synthetic donation seed,2026-02-27T02:53:26.087117+00:00
5,,29,bread,,pending,synthetic donation seed,2026-01-05T16:53:26.087125+00:00
3,,40,rice,,pending,synthetic donation seed,2025-12-23T14:53:26.087134+00:00
1,4,118,bread,,pending,synthetic donation seed,2026-01-21T08:53:26.087142+00:00
5,2,75,rice,2025-12-17T20:53:26.087150+00:00,accepted,synthetic donation seed,2025-12-17T10:53:26.087150+00:00
1,4,112,meals,2026-02-06T05:53:26.087161+00:00,accepted,synthetic donation seed,2026-02-05T21:53:26.087161+00:00
3,1,60,snacks,2026-02-02T14:53:26.087172+00:00,picked_up,synthetic donation seed,2026-02-02T08:53:26.087172+00:00
2,5,10,mixed,2025-11-11T22:53:26.087183+00:00,delivered,synthetic donation seed,2025-11-11T15:53:26.087183+00:00
4,,110,mixed,,pending,synthetic donation seed,2026-01-02T17:53:26.087194+00:00
4,,98,meals,,pending,synthetic donation seed,2026-03-03T17:53:26.087203+00:00
2,2,66,bread,,pending,synthetic donation seed,2026-02-22T15:53:26.087211+00:00
2,4,103,rice,2026-03-02T09:53:26.087219+00:00,picked_up,synthetic donation seed,2026-03-02T01:53:26.087219+00:00
4,2,5,mixed,2026-01-05T04:53:26.087231+00:00,matched,synthetic donation seed,2026-01-04T17:53:26.087231+00:00
4,3,83,snacks,2025-11-29T19:53:26.087242+00:00,matched,synthetic donation seed,2025-11-29T07:53:26.087242+00:00
5,2,99,mixed,,pending,synthetic donation seed,2025-11-13T05:53:26.087252+00:00
5,3,84,mixed,,pending,synthetic donation seed,2026-01-18T01:53:26.087261+00:00
3,,95,rice,,pending,synthetic donation seed,2026-02-24T22:53:26.087269+00:00
2,,101,snacks,,pending,synthetic donation seed,2026-01-02T16:53:26.087278+00:00
2,,59,bread,,pending,synthetic donation seed,2025-12-30T18:53:26.087286+00:00
1,1,65,snacks,2025-12-31T01:53:26.087295+00:00,accepted,synthetic donation seed,2025-12-30T23:53:26.087295+00:00
5,3,29,meals,2025-12-08T19:53:26.087305+00:00,matched,synthetic donation seed,2025-12-08T17:53:26.087305+00:00
1,1,26,bread,,pending,synthetic donation seed,2026-02-24T12:53:26.087316+00:00
1,2,42,meals,2025-12-28T20:53:26.087325+00:00,delivered,synthetic donation seed,2025-12-28T19:53:26.087325+00:00
5,2,42,rice,2025-11-30T20:53:26.087336+00:00,matched,synthetic donation seed,2025-11-30T19:53:26.087336+00:00
1,1,47,meals,,pending,synthetic donation seed,2025-12-28T19:53:26.087346+00:00
5,3,94,snacks,2026-01-02T08:53:26.087355+00:00,picked_up,synthetic donation seed,2026-01-01T21:53:26.087355+00:00
5,4,106,bread,2025-11-11T09:53:26.087365+00:00,accepted,synthetic donation seed,2025-11-11T06:53:26.087365+00:00
2,4,50,bread,2025-11-17T17:53:26.087376+00:00,matched,synthetic donation seed,2025-11-17T14:53:26.087376+00:00
4,2,28,rice,,pending,synthetic donation seed,2025-12-27T06:53:26.087387+00:00
2,,21,meals,,pending,synthetic donation seed,2026-01-23T21:53:26.087396+00:00
3,,45,bread,,pending,synthetic donation seed,2026-02-28T18:53:26.087404+00:00
2,3,8,meals,2025-12-27T08:53:26.087412+00:00,delivered,synthetic donation seed,2025-12-27T06:53:26.087412+00:00
4,2,74,snacks,2026-02-15T03:53:26.087423+00:00,delivered,synthetic donation seed,2026-02-14T15:53:26.087423+00:00
3,3,23,snacks,2025-11-05T08:53:26.087434+00:00,matched,synthetic donation seed,2025-11-04T21:53:26.087434+00:00
4,3,91,snacks,2025-11-10T17:53:26.087451+00:00,picked_up,synthetic donation seed,2025-11-10T14:53:26.087451+00:00
1,,50,mixed,,pending,synthetic donation seed,2026-02-05T01:53:26.087463+00:00
3,1,105,bread,,pending,synthetic donation seed,2025-12-28T08:53:26.087471+00:00
2,,16,snacks,,pending,synthetic donation seed,2025-12-08T18:53:26.087480+00:00
4,2,51,meals,2025-12-31T01:53:26.087488+00:00,accepted,synthetic donation seed,2025-12-30T14:53:26.087488+00:00
2,4,44,meals,2026-01-28T10:53:26.087499+00:00,matched,synthetic donation seed,2026-01-28T04:53:26.087499+00:00
5,,107,meals,,pending,synthetic donation seed,2025-12-01T02:53:26.087511+00:00
3,2,22,snacks,2026-01-09T23:53:26.087519+00:00,delivered,synthetic donation seed,2026-01-09T16:53:26.087519+00:00
5,,47,mixed,,pending,synthetic donation seed,2025-11-13T23:53:26.087530+00:00
5,,58,rice,,pending,synthetic donation seed,2025-11-08T07:53:26.087539+00:00
5,4,111,meals,2026-02-16T12:53:26.087547+00:00,picked_up,synthetic donation seed,2026-02-16T09:53:26.087547+00:00
3,5,68,snacks,2026-01-26T02:53:26.087558+00:00,delivered,synthetic donation seed,2026-01-25T21:53:26.087558+00:00
4,,86,meals,,pending,synthetic donation seed,2026-01-31T06:53:26.087569+00:00
1,3,8,mixed,2025-12-06T23:53:26.087577+00:00,accepted,synthetic donation seed,2025-12-06T19:53:26.087577+00:00
3,4,79,meals,,pending,synthetic donation seed,2025-11-30T04:53:26.087588+00:00
5,4,52,snacks,2026-01-03T19:53:26.087597+00:00,accepted,synthetic donation seed,2026-01-03T17:53:26.087597+00:00
5,1,45,meals,,pending,synthetic donation seed,2026-02-26T11:53:26.087608+00:00
2,,50,mixed,,pending,synthetic donation seed,2026-01-10T19:53:26.087616+00:00
3,3,28,mixed,2025-12-30T20:53:26.087625+00:00,delivered,synthetic donation seed,2025-12-30T09:53:26.087625+00:00
5,2,39,bread,2025-11-19T23:53:26.087636+00:00,delivered,synthetic donation seed,2025-11-19T18:53:26.087636+00:00
1,5,41,bread,2026-03-04T20:53:26.087647+00:00,delivered,synthetic donation seed,2026-03-04T11:53:26.087647+00:00
4,,24,snacks,,pending,synthetic donation seed,2026-02-20T09:53:26.087658+00:00
2,2,96,snacks,2025-12-07T08:53:26.087666+00:00,accepted,synthetic donation seed,2025-12-06T23:53:26.087666+00:00
1,4,7,meals,,pending,synthetic donation seed,2025-11-21T11:53:26.087677+00:00
3,3,71,bread,,pending,synthetic donation seed,2026-01-07T20:53:26.087686+00:00
2,,114,rice,,pending,synthetic donation seed,2026-02-05T11:53:26.087694+00:00
2,,93,mixed,,pending,synthetic donation seed,2026-02-23T02:53:26.087702+00:00
1,1,9,snacks,2026-02-28T11:53:26.087711+00:00,picked_up,synthetic donation seed,2026-02-28T09:53:26.087711+00:00
5,1,90,mixed,2026-02-28T18:53:26.087722+00:00,delivered,synthetic donation seed,2026-02-28T13:53:26.087722+00:00
1,1,28,bread,,pending,synthetic donation seed,2025-11-10T09:53:26.087733+00:00
1,,49,bread,,pending,synthetic donation seed,2026-01-28T21:53:26.087741+00:00
2,5,17,snacks,2025-12-30T23:53:26.087749+00:00,accepted,synthetic donation seed,2025-12-30T21:53:26.087749+00:00
1,,120,snacks,,pending,synthetic donation seed,2026-01-28T10:53:26.087760+00:00
1,1,51,snacks,2025-11-17T01:53:26.087769+00:00,delivered,synthetic donation seed,2025-11-16T17:53:26.087769+00:00
2,4,53,meals,,pending,synthetic donation seed,2025-11-19T04:53:26.087779+00:00
2,,64,mixed,,pending,synthetic donation seed,2026-01-24T12:53:26.087801+00:00
5,2,10,mixed,2026-01-28T10:53:26.087811+00:00,matched,synthetic donation seed,2026-01-27T22:53:26.087811+00:00
3,,44,meals,,pending,synthetic donation seed,2025-12-18T16:53:26.087823+00:00
2,5,119,meals,2026-01-10T11:53:26.087831+00:00,delivered,synthetic donation seed,2026-01-10T09:53:26.087831+00:00
3,,55,meals,,pending,synthetic donation seed,2025-12-09T12:53:26.087843+00:00
5,,18,rice,,pending,synthetic donation seed,2025-12-06T21:53:26.087851+00:00
1,3,34,meals,2025-12-19T05:53:26.087859+00:00,matched,synthetic donation seed,2025-12-19T03:53:26.087859+00:00
4,3,56,bread,2025-12-20T18:53:26.087870+00:00,picked_up,synthetic donation seed,2025-12-20T07:53:26.087870+00:00
4,5,103,meals,2025-12-30T10:53:26.087881+00:00,delivered,synthetic donation seed,2025-12-30T07:53:26.087881+00:00
1,,8,mixed,,pending,synthetic donation seed,2025-12-15T11:53:26.087892+00:00
1,1,82,bread,,pending,synthetic donation seed,2026-02-11T03:53:26.087901+00:00
2,3,101,snacks,,pending,synthetic donation seed,2026-02-23T18:53:26.087909+00:00
4,,38,snacks,,pending,synthetic donation seed,2026-01-01T23:53:26.087917+00:00
3,5,54,meals,2026-03-01T04:53:26.087926+00:00,delivered,synthetic donation seed,2026-03-01T02:53:26.087926+00:00
3,4,89,bread,,pending,synthetic donation seed,2026-02-10T22:53:26.087936+00:00
2,4,77,meals,2026-01-15T02:53:26.087945+00:00,matched,synthetic donation seed,2026-01-15T00:53:26.087945+00:00
5,5,12,meals,2025-11-16T19:53:26.087956+00:00,accepted,synthetic donation seed,2025-11-16T10:53:26.087956+00:00
3,4,46,mixed,2025-12-09T09:53:26.087967+00:00,matched,synthetic donation seed,2025-12-09T04:53:26.087967+00:00
1,,79,mixed,,pending,synthetic donation seed,2026-01-19T16:53:26.087978+00:00
3,,49,mixed,,pending,synthetic donation seed,2026-01-19T02:53:26.087986+00:00
2,,13,bread,,pending,synthetic donation seed,2026-02-22T17:53:26.087995+00:00
1,,89,meals,,pending,synthetic donation seed,2026-03-01T01:53:26.088003+00:00
5,5,7,bread,2025-12-06T10:53:26.088011+00:00,matched,synthetic donation seed,2025-12-06T00:53:26.088011+00:00
4,5,93,rice,2025-11-22T02:53:26.088022+00:00,accepted,synthetic donation seed,2025-11-22T00:53:26.088022+00:00
3,4,43,bread,2026-01-21T20:53:26.088033+00:00,picked_up,synthetic donation seed,2026-01-21T10:53:26.088033+00:00
4,2,32,bread,2025-11-25T22:53:26.088044+00:00,delivered,synthetic donation seed,2025-11-25T13:53:26.088044+00:00
3,,84,mixed,,pending,synthetic donation seed,2025-11-23T08:53:26.088054+00:00
5,1,59,rice,2025-12-23T07:53:26.088063+00:00,matched,synthetic donation seed,2025-12-22T23:53:26.088063+00:00
3,1,89,snacks,2025-11-23T13:53:26.088073+00:00,matched,synthetic donation seed,2025-11-23T06:53:26.088073+00:00
3,2,102,snacks,2025-12-30T12:53:26.088084+00:00,matched,synthetic donation seed,2025-12-30T01:53:26.088084+00:00
2,1,32,meals,2026-02-10T05:53:26.088094+00:00,accepted,synthetic donation seed,2026-02-09T21:53:26.088094+00:00
3,5,98,mixed,2025-11-09T12:53:26.088105+00:00,delivered,synthetic donation seed,2025-11-09T02:53:26.088105+00:00
5,2,92,bread,,pending,synthetic donation seed,2026-02-13T16:53:26.088116+00:00
4,,31,meals,,pending,synthetic donation seed,2026-02-24T19:53:26.088125+00:00
3,3,35,mixed,2025-12-19T15:53:26.088133+00:00,matched,synthetic donation seed,2025-12-19T08:53:26.088133+00:00
2,,67,snacks,,pending,synthetic donation seed,2026-01-25T01:53:26.088143+00:00
4,4,22,mixed,,pending,synthetic donation seed,2026-02-13T07:53:26.088152+00:00
3,3,97,meals,,pending,synthetic donation seed,2025-11-16T14:53:26.088160+00:00
1,1,115,mixed,,pending,synthetic donation seed,2025-12-18T06:53:26.088168+00:00
4,3,35,mixed,2026-01-13T19:53:26.088177+00:00,delivered,synthetic donation seed,2026-01-13T16:53:26.088177+00:00
5,5,37,meals,2025-11-19T06:53:26.088187+00:00,accepted,synthetic donation seed,2025-11-18T21:53:26.088187+00:00
1,2,99,meals,2026-01-24T15:53:26.088198+00:00,picked_up,synthetic donation seed,2026-01-24T05:53:26.088198+00:00
2,,61,meals,,pending,synthetic donation seed,2026-02-06T07:53:26.088209+00:00
3,,45,snacks,,pending,synthetic donation seed,2025-12-06T12:53:26.088218+00:00
4,4,65,bread,2025-11-13T17:53:26.088226+00:00,delivered,synthetic donation seed,2025-11-13T11:53:26.088226+00:00
3,1,107,mixed,2026-03-01T03:53:26.088236+00:00,delivered,synthetic donation seed,2026-02-28T16:53:26.088236+00:00
2,3,20,snacks,2025-12-06T15:53:26.088247+00:00,matched,synthetic donation seed,2025-12-06T04:53:26.088247+00:00
2,4,16,rice,2026-01-14T12:53:26.088258+00:00,delivered,synthetic donation seed,2026-01-14T07:53:26.088258+00:00
3,2,45,meals,,pending,synthetic donation seed,2026-01-07T19:53:26.088269+00:00
1,3,99,meals,2025-11-05T08:53:26.088278+00:00,delivered,synthetic donation seed,2025-11-05T00:53:26.088278+00:00
3,4,38,snacks,2025-11-20T22:53:26.088288+00:00,delivered,synthetic donation seed,2025-11-20T10:53:26.088288+00:00
1,3,63,mixed,2025-12-24T22:53:26.088299+00:00,picked_up,synthetic donation seed,2025-12-24T16:53:26.088299+00:00
1,2,30,bread,2026-02-16T22:53:26.088310+00:00,picked_up,synthetic donation seed,2026-02-16T15:53:26.088310+00:00
3,,103,rice,,pending,synthetic donation seed,2025-12-28T17:53:26.088321+00:00
